26-03-30 10:22:48 | DEBUG    | win_pos_manager:read_window_data:34 - Window size and position loaded from .size_pos_MainWindow.yaml
26-03-30 10:22:48 | DEBUG    | win_pos_manager:read_window_data:35 - {'height': 1022, 'width': 257, 'x_position': 3103, 'y_position': 0}
26-03-30 10:22:48 | DEBUG    | mbs_node_manager:__init__:34 - Window position: x=3103, y=0, width=257, height=1022
26-03-30 10:22:50 | DEBUG    | mbs_node_manager:closeEvent:102 - closeEvent
26-03-30 10:22:50 | DEBUG    | win_pos_manager:save_window_data:55 - Window size and position saved to .size_pos_MainWindow.yaml
26-03-30 10:23:04 | DEBUG    | win_pos_manager:read_window_data:34 - Window size and position loaded from .size_pos_MainWindow.yaml
26-03-30 10:23:04 | DEBUG    | win_pos_manager:read_window_data:35 - {'height': 1022, 'width': 257, 'x_position': 3103, 'y_position': 0}
26-03-30 10:23:04 | DEBUG    | mbs_node_manager:__init__:34 - Window position: x=3103, y=0, width=257, height=1022
26-03-30 10:23:07 | DEBUG    | mbs_node_manager:closeEvent:102 - closeEvent
26-03-30 10:23:07 | DEBUG    | win_pos_manager:save_window_data:55 - Window size and position saved to .size_pos_MainWindow.yaml
26-03-30 10:23:10 | DEBUG    | win_pos_manager:read_window_data:34 - Window size and position loaded from .size_pos_MainWindow.yaml
26-03-30 10:23:10 | DEBUG    | win_pos_manager:read_window_data:35 - {'height': 1022, 'width': 257, 'x_position': 3067, 'y_position': 0}
26-03-30 10:23:10 | DEBUG    | mbs_node_manager:__init__:34 - Window position: x=3067, y=0, width=257, height=1022
26-03-30 10:23:14 | DEBUG    | mbs_node_manager:closeEvent:102 - closeEvent
26-03-30 10:23:14 | DEBUG    | win_pos_manager:save_window_data:55 - Window size and position saved to .size_pos_MainWindow.yaml
26-03-30 10:31:07 | DEBUG    | win_pos_manager:read_window_data:34 - Window size and position loaded from .size_pos_MainWindow.yaml
26-03-30 10:31:07 | DEBUG    | win_pos_manager:read_window_data:35 - {'height': 1022, 'width': 257, 'x_position': 3103, 'y_position': 0}
26-03-30 10:31:07 | DEBUG    | mbs_node_manager:__init__:34 - Window position: x=3103, y=0, width=257, height=1022
26-03-30 10:31:10 | DEBUG    | mbs_node_manager:closeEvent:89 - closeEvent
26-03-30 10:31:10 | DEBUG    | win_pos_manager:save_window_data:55 - Window size and position saved to .size_pos_MainWindow.yaml
26-03-30 10:32:45 | DEBUG    | win_pos_manager:read_window_data:34 - Window size and position loaded from .size_pos_MainWindow.yaml
26-03-30 10:32:45 | DEBUG    | win_pos_manager:read_window_data:35 - {'height': 1022, 'width': 257, 'x_position': 3103, 'y_position': 0}
26-03-30 10:32:45 | DEBUG    | mbs_node_manager:__init__:34 - Window position: x=3103, y=0, width=257, height=1022
26-03-30 10:32:46 | DEBUG    | mbs_node_manager:closeEvent:89 - closeEvent
26-03-30 10:32:46 | DEBUG    | win_pos_manager:save_window_data:55 - Window size and position saved to .size_pos_MainWindow.yaml
26-03-30 10:35:17 | DEBUG    | win_pos_manager:read_window_data:34 - Window size and position loaded from .size_pos_MainWindow.yaml
26-03-30 10:35:17 | DEBUG    | win_pos_manager:read_window_data:35 - {'height': 1022, 'width': 257, 'x_position': 3103, 'y_position': 0}
26-03-30 10:35:17 | DEBUG    | mbs_node_manager:__init__:37 - Window position: x=3103, y=0, width=257, height=1022
26-03-30 10:36:15 | DEBUG    | mbs_node_manager:closeEvent:92 - closeEvent
26-03-30 10:36:15 | DEBUG    | win_pos_manager:save_window_data:55 - Window size and position saved to .size_pos_MainWindow.yaml
26-03-30 10:36:17 | DEBUG    | win_pos_manager:read_window_data:34 - Window size and position loaded from .size_pos_MainWindow.yaml
26-03-30 10:36:17 | DEBUG    | win_pos_manager:read_window_data:35 - {'height': 1022, 'width': 257, 'x_position': 3103, 'y_position': 0}
26-03-30 10:36:17 | DEBUG    | mbs_node_manager:__init__:37 - Window position: x=3103, y=0, width=257, height=1022
26-03-30 10:36:31 | DEBUG    | mbs_node_manager:closeEvent:92 - closeEvent
26-03-30 10:36:31 | DEBUG    | win_pos_manager:save_window_data:55 - Window size and position saved to .size_pos_MainWindow.yaml
26-03-30 10:37:29 | DEBUG    | win_pos_manager:read_window_data:34 - Window size and position loaded from .size_pos_MainWindow.yaml
26-03-30 10:37:29 | DEBUG    | win_pos_manager:read_window_data:35 - {'height': 1022, 'width': 257, 'x_position': 3103, 'y_position': 0}
26-03-30 10:37:29 | DEBUG    | mbs_node_manager:__init__:37 - Window position: x=3103, y=0, width=257, height=1022
26-03-30 10:37:39 | DEBUG    | mbs_node_manager:closeEvent:92 - closeEvent
26-03-30 10:37:39 | DEBUG    | win_pos_manager:save_window_data:55 - Window size and position saved to .size_pos_MainWindow.yaml
26-03-30 10:37:46 | DEBUG    | win_pos_manager:read_window_data:34 - Window size and position loaded from .size_pos_MainWindow.yaml
26-03-30 10:37:46 | DEBUG    | win_pos_manager:read_window_data:35 - {'height': 1022, 'width': 257, 'x_position': 3103, 'y_position': 0}
26-03-30 10:37:46 | DEBUG    | mbs_node_manager:__init__:37 - Window position: x=3103, y=0, width=257, height=1022
26-03-30 10:37:53 | DEBUG    | mbs_node_manager:closeEvent:92 - closeEvent
26-03-30 10:37:53 | DEBUG    | win_pos_manager:save_window_data:55 - Window size and position saved to .size_pos_MainWindow.yaml
26-03-30 10:38:35 | DEBUG    | win_pos_manager:read_window_data:34 - Window size and position loaded from .size_pos_MainWindow.yaml
26-03-30 10:38:35 | DEBUG    | win_pos_manager:read_window_data:35 - {'height': 1022, 'width': 257, 'x_position': 3103, 'y_position': 0}
26-03-30 10:38:35 | DEBUG    | mbs_node_manager:__init__:43 - Window position: x=3103, y=0, width=257, height=1022
26-03-30 10:38:37 | DEBUG    | mbs_node_manager:closeEvent:98 - closeEvent
26-03-30 10:38:37 | DEBUG    | win_pos_manager:save_window_data:55 - Window size and position saved to .size_pos_MainWindow.yaml
26-03-30 11:19:07 | DEBUG    | win_pos_manager:read_window_data:34 - Window size and position loaded from .size_pos_MainWindow.yaml
26-03-30 11:19:07 | DEBUG    | win_pos_manager:read_window_data:35 - {'height': 1022, 'width': 257, 'x_position': 3103, 'y_position': 0}
26-03-30 11:19:07 | DEBUG    | mbs_node_manager:__init__:43 - Window position: x=3103, y=0, width=257, height=1022
26-03-30 11:19:10 | DEBUG    | mbs_node_manager:closeEvent:98 - closeEvent
26-03-30 11:19:10 | DEBUG    | win_pos_manager:save_window_data:55 - Window size and position saved to .size_pos_MainWindow.yaml
26-03-30 11:32:46 | DEBUG    | win_pos_manager:read_window_data:34 - Window size and position loaded from .size_pos_MainWindow.yaml
26-03-30 11:32:46 | DEBUG    | win_pos_manager:read_window_data:35 - {'height': 1022, 'width': 257, 'x_position': 3103, 'y_position': 0}
26-03-30 11:32:46 | DEBUG    | mbs_node_manager:__init__:43 - Window position: x=3103, y=0, width=257, height=1022
26-03-30 11:32:49 | DEBUG    | mbs_node_manager:closeEvent:105 - closeEvent
26-03-30 11:32:49 | DEBUG    | win_pos_manager:save_window_data:55 - Window size and position saved to .size_pos_MainWindow.yaml
26-03-30 11:46:06 | DEBUG    | win_pos_manager:read_window_data:34 - Window size and position loaded from .size_pos_MainWindow.yaml
26-03-30 11:46:06 | DEBUG    | win_pos_manager:read_window_data:35 - {'height': 1022, 'width': 257, 'x_position': 3103, 'y_position': 0}
26-03-30 11:46:06 | DEBUG    | mbs_node_manager:__init__:44 - Window position: x=3103, y=0, width=257, height=1022
26-03-30 11:46:15 | DEBUG    | mbs_node_manager:closeEvent:118 - closeEvent
26-03-30 11:46:15 | DEBUG    | win_pos_manager:save_window_data:55 - Window size and position saved to .size_pos_MainWindow.yaml
26-03-30 11:47:52 | DEBUG    | win_pos_manager:read_window_data:34 - Window size and position loaded from .size_pos_MainWindow.yaml
26-03-30 11:47:52 | DEBUG    | win_pos_manager:read_window_data:35 - {'height': 1022, 'width': 257, 'x_position': 3103, 'y_position': 0}
26-03-30 11:47:52 | DEBUG    | mbs_node_manager:__init__:44 - Window position: x=3103, y=0, width=257, height=1022
26-03-30 11:48:00 | DEBUG    | mbs_node_manager:closeEvent:118 - closeEvent
26-03-30 11:48:00 | DEBUG    | win_pos_manager:save_window_data:55 - Window size and position saved to .size_pos_MainWindow.yaml
26-03-30 11:48:19 | DEBUG    | win_pos_manager:read_window_data:34 - Window size and position loaded from .size_pos_MainWindow.yaml
26-03-30 11:48:19 | DEBUG    | win_pos_manager:read_window_data:35 - {'height': 1022, 'width': 257, 'x_position': 3103, 'y_position': 0}
26-03-30 11:48:19 | DEBUG    | mbs_node_manager:__init__:44 - Window position: x=3103, y=0, width=257, height=1022
26-03-30 11:48:24 | DEBUG    | mbs_node_manager:closeEvent:119 - closeEvent
26-03-30 11:48:24 | DEBUG    | win_pos_manager:save_window_data:55 - Window size and position saved to .size_pos_MainWindow.yaml
26-03-30 11:48:35 | DEBUG    | win_pos_manager:read_window_data:34 - Window size and position loaded from .size_pos_MainWindow.yaml
26-03-30 11:48:35 | DEBUG    | win_pos_manager:read_window_data:35 - {'height': 1022, 'width': 257, 'x_position': 3103, 'y_position': 0}
26-03-30 11:48:35 | DEBUG    | mbs_node_manager:__init__:44 - Window position: x=3103, y=0, width=257, height=1022
26-03-30 11:48:54 | DEBUG    | mbs_node_manager:closeEvent:121 - closeEvent
26-03-30 11:48:54 | DEBUG    | win_pos_manager:save_window_data:55 - Window size and position saved to .size_pos_MainWindow.yaml
26-03-30 11:49:50 | DEBUG    | win_pos_manager:read_window_data:34 - Window size and position loaded from .size_pos_MainWindow.yaml
26-03-30 11:49:50 | DEBUG    | win_pos_manager:read_window_data:35 - {'height': 434, 'width': 924, 'x_position': 2436, 'y_position': 0}
26-03-30 11:49:50 | DEBUG    | mbs_node_manager:__init__:44 - Window position: x=2436, y=0, width=924, height=434
26-03-30 11:51:32 | DEBUG    | mbs_node_manager:closeEvent:121 - closeEvent
26-03-30 11:51:32 | DEBUG    | win_pos_manager:save_window_data:55 - Window size and position saved to .size_pos_MainWindow.yaml
26-03-30 11:51:38 | DEBUG    | win_pos_manager:read_window_data:34 - Window size and position loaded from .size_pos_MainWindow.yaml
26-03-30 11:51:38 | DEBUG    | win_pos_manager:read_window_data:35 - {'height': 299, 'width': 646, 'x_position': 2714, 'y_position': 0}
26-03-30 11:51:38 | DEBUG    | mbs_node_manager:__init__:44 - Window position: x=2714, y=0, width=646, height=299
26-03-30 11:51:47 | DEBUG    | mbs_node_manager:closeEvent:120 - closeEvent
26-03-30 11:51:47 | DEBUG    | win_pos_manager:save_window_data:55 - Window size and position saved to .size_pos_MainWindow.yaml
26-03-30 11:52:10 | DEBUG    | mbs_node_manager:add_nodes:78 - Node SVG size: 640x480
26-03-30 11:52:10 | DEBUG    | win_pos_manager:read_window_data:34 - Window size and position loaded from .size_pos_MainWindow.yaml
26-03-30 11:52:10 | DEBUG    | win_pos_manager:read_window_data:35 - {'height': 522, 'width': 652, 'x_position': 2708, 'y_position': 0}
26-03-30 11:52:10 | DEBUG    | mbs_node_manager:__init__:44 - Window position: x=2708, y=0, width=652, height=522
26-03-30 11:55:34 | DEBUG    | mbs_node_manager:closeEvent:121 - closeEvent
26-03-30 11:55:34 | DEBUG    | win_pos_manager:save_window_data:55 - Window size and position saved to .size_pos_MainWindow.yaml
26-03-30 11:55:37 | DEBUG    | mbs_node_manager:add_nodes:79 - Node SVG size: 640x480
26-03-30 11:55:37 | DEBUG    | win_pos_manager:read_window_data:34 - Window size and position loaded from .size_pos_MainWindow.yaml
26-03-30 11:55:37 | DEBUG    | win_pos_manager:read_window_data:35 - {'height': 522, 'width': 652, 'x_position': 2708, 'y_position': 0}
26-03-30 11:55:37 | DEBUG    | mbs_node_manager:__init__:44 - Window position: x=2708, y=0, width=652, height=522
26-03-30 11:55:54 | DEBUG    | mbs_node_manager:closeEvent:122 - closeEvent
26-03-30 11:55:54 | DEBUG    | win_pos_manager:save_window_data:55 - Window size and position saved to .size_pos_MainWindow.yaml
26-03-30 11:57:22 | DEBUG    | mbs_node_manager:add_nodes:78 - Node SVG size: 640x480
26-03-30 11:57:22 | DEBUG    | win_pos_manager:read_window_data:34 - Window size and position loaded from .size_pos_MainWindow.yaml
26-03-30 11:57:22 | DEBUG    | win_pos_manager:read_window_data:35 - {'height': 522, 'width': 981, 'x_position': 2379, 'y_position': 0}
26-03-30 11:57:22 | DEBUG    | mbs_node_manager:__init__:44 - Window position: x=2379, y=0, width=981, height=522
26-03-30 11:58:29 | DEBUG    | mbs_node_manager:closeEvent:121 - closeEvent
26-03-30 11:58:29 | DEBUG    | win_pos_manager:save_window_data:55 - Window size and position saved to .size_pos_MainWindow.yaml
26-03-30 11:58:31 | DEBUG    | mbs_node_manager:add_nodes:79 - Node SVG size: 640x480
26-03-30 11:58:31 | DEBUG    | win_pos_manager:read_window_data:34 - Window size and position loaded from .size_pos_MainWindow.yaml
26-03-30 11:58:31 | DEBUG    | win_pos_manager:read_window_data:35 - {'height': 522, 'width': 412, 'x_position': 2948, 'y_position': 0}
26-03-30 11:58:31 | DEBUG    | mbs_node_manager:__init__:44 - Window position: x=2948, y=0, width=412, height=522
26-03-30 11:58:34 | DEBUG    | mbs_node_manager:closeEvent:123 - closeEvent
26-03-30 11:58:34 | DEBUG    | win_pos_manager:save_window_data:55 - Window size and position saved to .size_pos_MainWindow.yaml
26-03-30 13:01:27 | DEBUG    | mbs_node_manager:add_nodes:79 - Node SVG size: 640x480
26-03-30 13:01:27 | DEBUG    | win_pos_manager:read_window_data:34 - Window size and position loaded from .size_pos_MainWindow.yaml
26-03-30 13:01:27 | DEBUG    | win_pos_manager:read_window_data:35 - {'height': 522, 'width': 412, 'x_position': 2948, 'y_position': 0}
26-03-30 13:01:27 | DEBUG    | mbs_node_manager:__init__:44 - Window position: x=2948, y=0, width=412, height=522
26-03-30 13:01:30 | DEBUG    | mbs_node_manager:closeEvent:123 - closeEvent
26-03-30 13:01:30 | DEBUG    | win_pos_manager:save_window_data:55 - Window size and position saved to .size_pos_MainWindow.yaml
26-03-30 13:02:17 | DEBUG    | mbs_node_manager:add_nodes:79 - Node SVG size: 640x480
26-03-30 13:02:17 | DEBUG    | win_pos_manager:read_window_data:34 - Window size and position loaded from .size_pos_MainWindow.yaml
26-03-30 13:02:17 | DEBUG    | win_pos_manager:read_window_data:35 - {'height': 522, 'width': 412, 'x_position': 2948, 'y_position': 0}
26-03-30 13:02:17 | DEBUG    | mbs_node_manager:__init__:44 - Window position: x=2948, y=0, width=412, height=522
26-03-30 13:02:22 | DEBUG    | mbs_node_manager:closeEvent:123 - closeEvent
26-03-30 13:02:22 | DEBUG    | win_pos_manager:save_window_data:55 - Window size and position saved to .size_pos_MainWindow.yaml
26-03-30 13:13:51 | DEBUG    | mbs_node_manager:add_nodes:79 - Node SVG size: 640x480
26-03-30 13:13:51 | DEBUG    | win_pos_manager:read_window_data:34 - Window size and position loaded from .size_pos_MainWindow.yaml
26-03-30 13:13:51 | DEBUG    | win_pos_manager:read_window_data:35 - {'height': 522, 'width': 412, 'x_position': 2948, 'y_position': 0}
26-03-30 13:13:51 | DEBUG    | mbs_node_manager:__init__:44 - Window position: x=2948, y=0, width=412, height=522
26-03-30 13:13:57 | DEBUG    | mbs_node_manager:closeEvent:123 - closeEvent
26-03-30 13:13:57 | DEBUG    | win_pos_manager:save_window_data:55 - Window size and position saved to .size_pos_MainWindow.yaml
26-03-30 13:15:07 | DEBUG    | mbs_node_manager:add_nodes:79 - Node SVG size: 640x480
26-03-30 13:15:07 | DEBUG    | win_pos_manager:read_window_data:34 - Window size and position loaded from .size_pos_MainWindow.yaml
26-03-30 13:15:07 | DEBUG    | win_pos_manager:read_window_data:35 - {'height': 522, 'width': 412, 'x_position': 2948, 'y_position': 0}
26-03-30 13:15:07 | DEBUG    | mbs_node_manager:__init__:44 - Window position: x=2948, y=0, width=412, height=522
26-03-30 13:15:15 | DEBUG    | mbs_node_manager:closeEvent:123 - closeEvent
26-03-30 13:15:15 | DEBUG    | win_pos_manager:save_window_data:55 - Window size and position saved to .size_pos_MainWindow.yaml
26-03-30 13:16:38 | DEBUG    | win_pos_manager:read_window_data:34 - Window size and position loaded from .size_pos_MainWindow.yaml
26-03-30 13:16:38 | DEBUG    | win_pos_manager:read_window_data:35 - {'height': 522, 'width': 412, 'x_position': 2948, 'y_position': 0}
26-03-30 13:16:38 | DEBUG    | mbs_node_manager:__init__:51 - Window position: x=2948, y=0, width=412, height=522
26-03-30 13:16:41 | DEBUG    | mbs_node_manager:closeEvent:124 - closeEvent
26-03-30 13:16:41 | DEBUG    | win_pos_manager:save_window_data:55 - Window size and position saved to .size_pos_MainWindow.yaml
26-03-30 13:21:19 | DEBUG    | win_pos_manager:read_window_data:34 - Window size and position loaded from .size_pos_MainWindow.yaml
26-03-30 13:21:19 | DEBUG    | win_pos_manager:read_window_data:35 - {'height': 522, 'width': 412, 'x_position': 2948, 'y_position': 0}
26-03-30 13:21:19 | DEBUG    | mbs_node_manager:__init__:51 - Window position: x=2948, y=0, width=412, height=522
26-03-30 13:21:27 | DEBUG    | mbs_node_manager:closeEvent:121 - closeEvent
26-03-30 13:21:27 | DEBUG    | win_pos_manager:save_window_data:55 - Window size and position saved to .size_pos_MainWindow.yaml
26-03-30 13:22:47 | DEBUG    | win_pos_manager:read_window_data:34 - Window size and position loaded from .size_pos_MainWindow.yaml
26-03-30 13:22:47 | DEBUG    | win_pos_manager:read_window_data:35 - {'height': 522, 'width': 412, 'x_position': 2948, 'y_position': 0}
26-03-30 13:22:47 | DEBUG    | mbs_node_manager:__init__:51 - Window position: x=2948, y=0, width=412, height=522
26-03-30 13:22:49 | DEBUG    | mbs_node_manager:closeEvent:123 - closeEvent
26-03-30 13:22:49 | DEBUG    | win_pos_manager:save_window_data:55 - Window size and position saved to .size_pos_MainWindow.yaml
26-03-30 13:23:11 | DEBUG    | win_pos_manager:read_window_data:34 - Window size and position loaded from .size_pos_MainWindow.yaml
26-03-30 13:23:11 | DEBUG    | win_pos_manager:read_window_data:35 - {'height': 522, 'width': 412, 'x_position': 2948, 'y_position': 0}
26-03-30 13:23:11 | DEBUG    | mbs_node_manager:__init__:51 - Window position: x=2948, y=0, width=412, height=522
26-03-30 13:23:12 | DEBUG    | mbs_node_manager:closeEvent:122 - closeEvent
26-03-30 13:23:12 | DEBUG    | win_pos_manager:save_window_data:55 - Window size and position saved to .size_pos_MainWindow.yaml
26-03-30 13:26:32 | DEBUG    | win_pos_manager:read_window_data:34 - Window size and position loaded from .size_pos_MainWindow.yaml
26-03-30 13:26:32 | DEBUG    | win_pos_manager:read_window_data:35 - {'height': 522, 'width': 412, 'x_position': 2948, 'y_position': 0}
26-03-30 13:26:32 | DEBUG    | mbs_node_manager:__init__:51 - Window position: x=2948, y=0, width=412, height=522
26-03-30 13:26:33 | DEBUG    | mbs_node_manager:closeEvent:122 - closeEvent
26-03-30 13:26:33 | DEBUG    | win_pos_manager:save_window_data:55 - Window size and position saved to .size_pos_MainWindow.yaml
26-03-30 13:26:49 | DEBUG    | win_pos_manager:read_window_data:34 - Window size and position loaded from .size_pos_MainWindow.yaml
26-03-30 13:26:49 | DEBUG    | win_pos_manager:read_window_data:35 - {'height': 522, 'width': 412, 'x_position': 2948, 'y_position': 0}
26-03-30 13:26:49 | DEBUG    | mbs_node_manager:__init__:51 - Window position: x=2948, y=0, width=412, height=522
26-03-30 13:26:50 | DEBUG    | mbs_node_manager:closeEvent:122 - closeEvent
26-03-30 13:26:50 | DEBUG    | win_pos_manager:save_window_data:55 - Window size and position saved to .size_pos_MainWindow.yaml
26-03-30 13:27:20 | DEBUG    | win_pos_manager:read_window_data:34 - Window size and position loaded from .size_pos_MainWindow.yaml
26-03-30 13:27:20 | DEBUG    | win_pos_manager:read_window_data:35 - {'height': 522, 'width': 412, 'x_position': 2948, 'y_position': 0}
26-03-30 13:27:20 | DEBUG    | mbs_node_manager:__init__:51 - Window position: x=2948, y=0, width=412, height=522
26-03-30 13:27:21 | DEBUG    | mbs_node_manager:closeEvent:122 - closeEvent
26-03-30 13:27:21 | DEBUG    | win_pos_manager:save_window_data:55 - Window size and position saved to .size_pos_MainWindow.yaml
26-03-30 13:27:39 | DEBUG    | win_pos_manager:read_window_data:34 - Window size and position loaded from .size_pos_MainWindow.yaml
26-03-30 13:27:39 | DEBUG    | win_pos_manager:read_window_data:35 - {'height': 522, 'width': 412, 'x_position': 2948, 'y_position': 0}
26-03-30 13:27:39 | DEBUG    | mbs_node_manager:__init__:51 - Window position: x=2948, y=0, width=412, height=522
26-03-30 13:27:43 | DEBUG    | mbs_node_manager:closeEvent:126 - closeEvent
26-03-30 13:27:43 | DEBUG    | win_pos_manager:save_window_data:55 - Window size and position saved to .size_pos_MainWindow.yaml
26-03-30 13:28:47 | DEBUG    | win_pos_manager:read_window_data:34 - Window size and position loaded from .size_pos_MainWindow.yaml
26-03-30 13:28:47 | DEBUG    | win_pos_manager:read_window_data:35 - {'height': 522, 'width': 412, 'x_position': 2948, 'y_position': 0}
26-03-30 13:28:47 | DEBUG    | mbs_node_manager:__init__:51 - Window position: x=2948, y=0, width=412, height=522
26-03-30 13:28:49 | DEBUG    | mbs_node_manager:closeEvent:122 - closeEvent
26-03-30 13:28:49 | DEBUG    | win_pos_manager:save_window_data:55 - Window size and position saved to .size_pos_MainWindow.yaml
26-03-30 13:29:09 | DEBUG    | win_pos_manager:read_window_data:34 - Window size and position loaded from .size_pos_MainWindow.yaml
26-03-30 13:29:09 | DEBUG    | win_pos_manager:read_window_data:35 - {'height': 522, 'width': 412, 'x_position': 2948, 'y_position': 0}
26-03-30 13:29:09 | DEBUG    | mbs_node_manager:__init__:52 - Window position: x=2948, y=0, width=412, height=522
26-03-30 13:29:16 | DEBUG    | mbs_node_manager:closeEvent:123 - closeEvent
26-03-30 13:29:16 | DEBUG    | win_pos_manager:save_window_data:55 - Window size and position saved to .size_pos_MainWindow.yaml
26-03-30 13:29:43 | DEBUG    | win_pos_manager:read_window_data:34 - Window size and position loaded from .size_pos_MainWindow.yaml
26-03-30 13:29:43 | DEBUG    | win_pos_manager:read_window_data:35 - {'height': 522, 'width': 412, 'x_position': 2948, 'y_position': 0}
26-03-30 13:29:43 | DEBUG    | mbs_node_manager:__init__:52 - Window position: x=2948, y=0, width=412, height=522
26-03-30 13:29:51 | DEBUG    | mbs_node_manager:closeEvent:123 - closeEvent
26-03-30 13:29:51 | DEBUG    | win_pos_manager:save_window_data:55 - Window size and position saved to .size_pos_MainWindow.yaml
26-03-30 13:30:30 | DEBUG    | win_pos_manager:read_window_data:34 - Window size and position loaded from .size_pos_MainWindow.yaml
26-03-30 13:30:30 | DEBUG    | win_pos_manager:read_window_data:35 - {'height': 522, 'width': 412, 'x_position': 2948, 'y_position': 0}
26-03-30 13:30:30 | DEBUG    | mbs_node_manager:__init__:52 - Window position: x=2948, y=0, width=412, height=522
26-03-30 13:30:31 | DEBUG    | mbs_node_manager:closeEvent:123 - closeEvent
26-03-30 13:30:31 | DEBUG    | win_pos_manager:save_window_data:55 - Window size and position saved to .size_pos_MainWindow.yaml
26-03-30 13:30:54 | DEBUG    | win_pos_manager:read_window_data:34 - Window size and position loaded from .size_pos_MainWindow.yaml
26-03-30 13:30:54 | DEBUG    | win_pos_manager:read_window_data:35 - {'height': 522, 'width': 412, 'x_position': 2948, 'y_position': 0}
26-03-30 13:30:54 | DEBUG    | mbs_node_manager:__init__:52 - Window position: x=2948, y=0, width=412, height=522
26-03-30 13:31:01 | DEBUG    | mbs_node_manager:closeEvent:125 - closeEvent
26-03-30 13:31:01 | DEBUG    | win_pos_manager:save_window_data:55 - Window size and position saved to .size_pos_MainWindow.yaml
26-03-30 13:31:22 | DEBUG    | win_pos_manager:read_window_data:34 - Window size and position loaded from .size_pos_MainWindow.yaml
26-03-30 13:31:22 | DEBUG    | win_pos_manager:read_window_data:35 - {'height': 522, 'width': 412, 'x_position': 2948, 'y_position': 0}
26-03-30 13:31:22 | DEBUG    | mbs_node_manager:__init__:52 - Window position: x=2948, y=0, width=412, height=522
26-03-30 13:31:23 | DEBUG    | mbs_node_manager:closeEvent:125 - closeEvent
26-03-30 13:31:23 | DEBUG    | win_pos_manager:save_window_data:55 - Window size and position saved to .size_pos_MainWindow.yaml
26-03-30 13:31:38 | DEBUG    | win_pos_manager:read_window_data:34 - Window size and position loaded from .size_pos_MainWindow.yaml
26-03-30 13:31:38 | DEBUG    | win_pos_manager:read_window_data:35 - {'height': 522, 'width': 412, 'x_position': 2948, 'y_position': 0}
26-03-30 13:31:38 | DEBUG    | mbs_node_manager:__init__:52 - Window position: x=2948, y=0, width=412, height=522
26-03-30 13:31:42 | DEBUG    | mbs_node_manager:closeEvent:125 - closeEvent
26-03-30 13:31:42 | DEBUG    | win_pos_manager:save_window_data:55 - Window size and position saved to .size_pos_MainWindow.yaml
26-03-30 13:33:27 | DEBUG    | win_pos_manager:read_window_data:34 - Window size and position loaded from .size_pos_MainWindow.yaml
26-03-30 13:33:27 | DEBUG    | win_pos_manager:read_window_data:35 - {'height': 522, 'width': 412, 'x_position': 2948, 'y_position': 0}
26-03-30 13:33:27 | DEBUG    | mbs_node_manager:__init__:52 - Window position: x=2948, y=0, width=412, height=522
26-03-30 13:33:30 | DEBUG    | mbs_node_manager:closeEvent:125 - closeEvent
26-03-30 13:33:30 | DEBUG    | win_pos_manager:save_window_data:55 - Window size and position saved to .size_pos_MainWindow.yaml
26-03-30 13:36:50 | DEBUG    | win_pos_manager:read_window_data:34 - Window size and position loaded from .size_pos_MainWindow.yaml
26-03-30 13:36:50 | DEBUG    | win_pos_manager:read_window_data:35 - {'height': 522, 'width': 412, 'x_position': 2948, 'y_position': 0}
26-03-30 13:36:50 | DEBUG    | mbs_node_manager:__init__:52 - Window position: x=2948, y=0, width=412, height=522
26-03-30 13:36:52 | DEBUG    | mbs_node_manager:closeEvent:125 - closeEvent
26-03-30 13:36:52 | DEBUG    | win_pos_manager:save_window_data:55 - Window size and position saved to .size_pos_MainWindow.yaml
26-03-30 14:02:17 | DEBUG    | win_pos_manager:read_window_data:34 - Window size and position loaded from .size_pos_MainWindow.yaml
26-03-30 14:02:17 | DEBUG    | win_pos_manager:read_window_data:35 - {'height': 522, 'width': 412, 'x_position': 2948, 'y_position': 0}
26-03-30 14:02:17 | DEBUG    | mbs_node_manager:__init__:52 - Window position: x=2948, y=0, width=412, height=522
26-03-30 14:02:18 | DEBUG    | mbs_node_manager:closeEvent:125 - closeEvent
26-03-30 14:02:18 | DEBUG    | win_pos_manager:save_window_data:55 - Window size and position saved to .size_pos_MainWindow.yaml
26-03-30 14:03:02 | DEBUG    | win_pos_manager:read_window_data:34 - Window size and position loaded from .size_pos_MainWindow.yaml
26-03-30 14:03:02 | DEBUG    | win_pos_manager:read_window_data:35 - {'height': 522, 'width': 412, 'x_position': 2948, 'y_position': 0}
26-03-30 14:03:02 | DEBUG    | mbs_node_manager:__init__:52 - Window position: x=2948, y=0, width=412, height=522
26-03-30 14:03:06 | DEBUG    | mbs_node_manager:closeEvent:126 - closeEvent
26-03-30 14:03:06 | DEBUG    | win_pos_manager:save_window_data:55 - Window size and position saved to .size_pos_MainWindow.yaml
26-03-30 14:03:28 | DEBUG    | win_pos_manager:read_window_data:34 - Window size and position loaded from .size_pos_MainWindow.yaml
26-03-30 14:03:28 | DEBUG    | win_pos_manager:read_window_data:35 - {'height': 522, 'width': 412, 'x_position': 2948, 'y_position': 0}
26-03-30 14:03:28 | DEBUG    | mbs_node_manager:__init__:52 - Window position: x=2948, y=0, width=412, height=522
26-03-30 14:03:31 | DEBUG    | mbs_node_manager:closeEvent:126 - closeEvent
26-03-30 14:03:31 | DEBUG    | win_pos_manager:save_window_data:55 - Window size and position saved to .size_pos_MainWindow.yaml
26-03-30 14:03:47 | DEBUG    | win_pos_manager:read_window_data:34 - Window size and position loaded from .size_pos_MainWindow.yaml
26-03-30 14:03:47 | DEBUG    | win_pos_manager:read_window_data:35 - {'height': 522, 'width': 412, 'x_position': 2948, 'y_position': 0}
26-03-30 14:03:47 | DEBUG    | mbs_node_manager:__init__:55 - Window position: x=2948, y=0, width=412, height=522
26-03-30 14:03:51 | DEBUG    | mbs_node_manager:closeEvent:129 - closeEvent
26-03-30 14:03:51 | DEBUG    | win_pos_manager:save_window_data:55 - Window size and position saved to .size_pos_MainWindow.yaml
26-03-30 14:04:35 | DEBUG    | win_pos_manager:read_window_data:34 - Window size and position loaded from .size_pos_MainWindow.yaml
26-03-30 14:04:35 | DEBUG    | win_pos_manager:read_window_data:35 - {'height': 522, 'width': 412, 'x_position': 2948, 'y_position': 0}
26-03-30 14:04:35 | DEBUG    | mbs_node_manager:__init__:58 - Window position: x=2948, y=0, width=412, height=522
26-03-30 14:06:07 | DEBUG    | win_pos_manager:read_window_data:34 - Window size and position loaded from .size_pos_MainWindow.yaml
26-03-30 14:06:07 | DEBUG    | win_pos_manager:read_window_data:35 - {'height': 522, 'width': 412, 'x_position': 2948, 'y_position': 0}
26-03-30 14:06:07 | DEBUG    | mbs_node_manager:__init__:58 - Window position: x=2948, y=0, width=412, height=522
26-03-30 14:06:10 | DEBUG    | mbs_node_manager:closeEvent:132 - closeEvent
26-03-30 14:06:10 | DEBUG    | win_pos_manager:save_window_data:55 - Window size and position saved to .size_pos_MainWindow.yaml
26-03-30 14:07:54 | DEBUG    | win_pos_manager:read_window_data:34 - Window size and position loaded from .size_pos_MainWindow.yaml
26-03-30 14:07:54 | DEBUG    | win_pos_manager:read_window_data:35 - {'height': 522, 'width': 412, 'x_position': 2948, 'y_position': 0}
26-03-30 14:07:54 | DEBUG    | mbs_node_manager:__init__:60 - Window position: x=2948, y=0, width=412, height=522
26-03-30 14:08:02 | DEBUG    | mbs_node_manager:closeEvent:135 - closeEvent
26-03-30 14:08:02 | DEBUG    | win_pos_manager:save_window_data:55 - Window size and position saved to .size_pos_MainWindow.yaml
26-03-30 14:08:35 | DEBUG    | win_pos_manager:read_window_data:34 - Window size and position loaded from .size_pos_MainWindow.yaml
26-03-30 14:08:35 | DEBUG    | win_pos_manager:read_window_data:35 - {'height': 504, 'width': 412, 'x_position': 2948, 'y_position': 0}
26-03-30 14:08:35 | DEBUG    | mbs_node_manager:__init__:60 - Window position: x=2948, y=0, width=412, height=504
26-03-30 14:08:42 | DEBUG    | mbs_node_manager:closeEvent:136 - closeEvent
26-03-30 14:08:42 | DEBUG    | win_pos_manager:save_window_data:55 - Window size and position saved to .size_pos_MainWindow.yaml
26-03-30 14:09:29 | DEBUG    | win_pos_manager:read_window_data:34 - Window size and position loaded from .size_pos_MainWindow.yaml
26-03-30 14:09:29 | DEBUG    | win_pos_manager:read_window_data:35 - {'height': 504, 'width': 412, 'x_position': 2948, 'y_position': 0}
26-03-30 14:09:29 | DEBUG    | mbs_node_manager:__init__:60 - Window position: x=2948, y=0, width=412, height=504
26-03-30 14:09:31 | DEBUG    | mbs_node_manager:closeEvent:137 - closeEvent
26-03-30 14:09:31 | DEBUG    | win_pos_manager:save_window_data:55 - Window size and position saved to .size_pos_MainWindow.yaml
26-03-30 14:09:39 | DEBUG    | win_pos_manager:read_window_data:34 - Window size and position loaded from .size_pos_MainWindow.yaml
26-03-30 14:09:39 | DEBUG    | win_pos_manager:read_window_data:35 - {'height': 1022, 'width': 1680, 'x_position': 1680, 'y_position': 0}
26-03-30 14:09:39 | DEBUG    | mbs_node_manager:__init__:60 - Window position: x=1680, y=0, width=1680, height=1022
26-03-30 14:09:51 | DEBUG    | mbs_node_manager:closeEvent:137 - closeEvent
26-03-30 14:09:51 | DEBUG    | win_pos_manager:save_window_data:55 - Window size and position saved to .size_pos_MainWindow.yaml
26-03-30 14:10:11 | DEBUG    | win_pos_manager:read_window_data:34 - Window size and position loaded from .size_pos_MainWindow.yaml
26-03-30 14:10:11 | DEBUG    | win_pos_manager:read_window_data:35 - {'height': 504, 'width': 412, 'x_position': 1680, 'y_position': 0}
26-03-30 14:10:11 | DEBUG    | mbs_node_manager:__init__:60 - Window position: x=1680, y=0, width=412, height=504
26-03-30 14:10:16 | DEBUG    | mbs_node_manager:closeEvent:137 - closeEvent
26-03-30 14:10:16 | DEBUG    | win_pos_manager:save_window_data:55 - Window size and position saved to .size_pos_MainWindow.yaml
26-03-30 14:10:32 | DEBUG    | win_pos_manager:read_window_data:34 - Window size and position loaded from .size_pos_MainWindow.yaml
26-03-30 14:10:32 | DEBUG    | win_pos_manager:read_window_data:35 - {'height': 504, 'width': 412, 'x_position': 1680, 'y_position': 0}
26-03-30 14:10:32 | DEBUG    | mbs_node_manager:__init__:60 - Window position: x=1680, y=0, width=412, height=504
26-03-30 14:10:34 | DEBUG    | mbs_node_manager:closeEvent:137 - closeEvent
26-03-30 14:10:34 | DEBUG    | win_pos_manager:save_window_data:55 - Window size and position saved to .size_pos_MainWindow.yaml
26-03-30 14:12:24 | DEBUG    | win_pos_manager:read_window_data:34 - Window size and position loaded from .size_pos_MainWindow.yaml
26-03-30 14:12:24 | DEBUG    | win_pos_manager:read_window_data:35 - {'height': 504, 'width': 412, 'x_position': 1680, 'y_position': 0}
26-03-30 14:12:24 | DEBUG    | mbs_node_manager:__init__:60 - Window position: x=1680, y=0, width=412, height=504
26-03-30 14:12:33 | DEBUG    | mbs_node_manager:closeEvent:137 - closeEvent
26-03-30 14:12:33 | DEBUG    | win_pos_manager:save_window_data:55 - Window size and position saved to .size_pos_MainWindow.yaml
26-03-30 14:12:36 | DEBUG    | win_pos_manager:read_window_data:34 - Window size and position loaded from .size_pos_MainWindow.yaml
26-03-30 14:12:36 | DEBUG    | win_pos_manager:read_window_data:35 - {'height': 504, 'width': 412, 'x_position': 1680, 'y_position': 0}
26-03-30 14:12:36 | DEBUG    | mbs_node_manager:__init__:60 - Window position: x=1680, y=0, width=412, height=504
26-03-30 14:12:38 | DEBUG    | mbs_node_manager:closeEvent:137 - closeEvent
26-03-30 14:12:38 | DEBUG    | win_pos_manager:save_window_data:55 - Window size and position saved to .size_pos_MainWindow.yaml
26-03-30 14:12:56 | DEBUG    | win_pos_manager:read_window_data:34 - Window size and position loaded from .size_pos_MainWindow.yaml
26-03-30 14:12:56 | DEBUG    | win_pos_manager:read_window_data:35 - {'height': 504, 'width': 412, 'x_position': 1680, 'y_position': 0}
26-03-30 14:12:56 | DEBUG    | mbs_node_manager:__init__:60 - Window position: x=1680, y=0, width=412, height=504
26-03-30 14:13:36 | DEBUG    | mbs_node_manager:closeEvent:138 - closeEvent
26-03-30 14:13:36 | DEBUG    | win_pos_manager:save_window_data:55 - Window size and position saved to .size_pos_MainWindow.yaml
26-03-30 14:13:38 | DEBUG    | win_pos_manager:read_window_data:34 - Window size and position loaded from .size_pos_MainWindow.yaml
26-03-30 14:13:38 | DEBUG    | win_pos_manager:read_window_data:35 - {'height': 504, 'width': 412, 'x_position': 1680, 'y_position': 0}
26-03-30 14:13:38 | DEBUG    | mbs_node_manager:__init__:60 - Window position: x=1680, y=0, width=412, height=504
26-03-30 14:13:48 | DEBUG    | mbs_node_manager:closeEvent:138 - closeEvent
26-03-30 14:13:48 | DEBUG    | win_pos_manager:save_window_data:55 - Window size and position saved to .size_pos_MainWindow.yaml
26-03-30 14:14:08 | DEBUG    | win_pos_manager:read_window_data:34 - Window size and position loaded from .size_pos_MainWindow.yaml
26-03-30 14:14:08 | DEBUG    | win_pos_manager:read_window_data:35 - {'height': 504, 'width': 412, 'x_position': 1680, 'y_position': 0}
26-03-30 14:14:08 | DEBUG    | mbs_node_manager:__init__:60 - Window position: x=1680, y=0, width=412, height=504
26-03-30 14:14:14 | DEBUG    | mbs_node_manager:closeEvent:137 - closeEvent
26-03-30 14:14:14 | DEBUG    | win_pos_manager:save_window_data:55 - Window size and position saved to .size_pos_MainWindow.yaml
26-03-30 14:21:30 | DEBUG    | win_pos_manager:read_window_data:34 - Window size and position loaded from .size_pos_MainWindow.yaml
26-03-30 14:21:30 | DEBUG    | win_pos_manager:read_window_data:35 - {'height': 504, 'width': 412, 'x_position': 1680, 'y_position': 0}
26-03-30 14:21:30 | DEBUG    | mbs_node_manager:__init__:60 - Window position: x=1680, y=0, width=412, height=504
26-03-30 14:21:44 | DEBUG    | mbs_node_manager:closeEvent:136 - closeEvent
26-03-30 14:21:44 | DEBUG    | win_pos_manager:save_window_data:55 - Window size and position saved to .size_pos_MainWindow.yaml
26-03-30 14:23:09 | DEBUG    | win_pos_manager:read_window_data:34 - Window size and position loaded from .size_pos_MainWindow.yaml
26-03-30 14:23:09 | DEBUG    | win_pos_manager:read_window_data:35 - {'height': 504, 'width': 412, 'x_position': 1680, 'y_position': 0}
26-03-30 14:23:09 | DEBUG    | mbs_node_manager:__init__:60 - Window position: x=1680, y=0, width=412, height=504
26-03-30 14:23:11 | DEBUG    | mbs_node_manager:closeEvent:136 - closeEvent
26-03-30 14:23:11 | DEBUG    | win_pos_manager:save_window_data:55 - Window size and position saved to .size_pos_MainWindow.yaml
26-03-30 14:33:03 | DEBUG    | win_pos_manager:read_window_data:34 - Window size and position loaded from .size_pos_MainWindow.yaml
26-03-30 14:33:03 | DEBUG    | win_pos_manager:read_window_data:35 - {'height': 504, 'width': 412, 'x_position': 1680, 'y_position': 0}
26-03-30 14:33:03 | DEBUG    | mbs_node_manager:__init__:61 - Window position: x=1680, y=0, width=412, height=504
26-03-30 14:33:12 | DEBUG    | mbs_node_manager:closeEvent:148 - closeEvent
26-03-30 14:33:12 | DEBUG    | win_pos_manager:save_window_data:55 - Window size and position saved to .size_pos_MainWindow.yaml
26-03-30 14:34:23 | DEBUG    | win_pos_manager:read_window_data:34 - Window size and position loaded from .size_pos_MainWindow.yaml
26-03-30 14:34:23 | DEBUG    | win_pos_manager:read_window_data:35 - {'height': 504, 'width': 412, 'x_position': 1741, 'y_position': 0}
26-03-30 14:34:23 | DEBUG    | mbs_node_manager:__init__:61 - Window position: x=1741, y=0, width=412, height=504
26-03-30 14:34:43 | DEBUG    | mbs_node_manager:closeEvent:149 - closeEvent
26-03-30 14:34:43 | DEBUG    | win_pos_manager:save_window_data:55 - Window size and position saved to .size_pos_MainWindow.yaml
26-03-30 14:35:06 | DEBUG    | win_pos_manager:read_window_data:34 - Window size and position loaded from .size_pos_MainWindow.yaml
26-03-30 14:35:06 | DEBUG    | win_pos_manager:read_window_data:35 - {'height': 504, 'width': 412, 'x_position': 1741, 'y_position': 0}
26-03-30 14:35:06 | DEBUG    | mbs_node_manager:__init__:61 - Window position: x=1741, y=0, width=412, height=504
26-03-30 14:35:16 | DEBUG    | mbs_node_manager:closeEvent:149 - closeEvent
26-03-30 14:35:16 | DEBUG    | win_pos_manager:save_window_data:55 - Window size and position saved to .size_pos_MainWindow.yaml
26-03-30 14:35:23 | DEBUG    | win_pos_manager:read_window_data:34 - Window size and position loaded from .size_pos_MainWindow.yaml
26-03-30 14:35:23 | DEBUG    | win_pos_manager:read_window_data:35 - {'height': 504, 'width': 412, 'x_position': 1741, 'y_position': 0}
26-03-30 14:35:23 | DEBUG    | mbs_node_manager:__init__:61 - Window position: x=1741, y=0, width=412, height=504
26-03-30 14:35:27 | DEBUG    | mbs_node_manager:closeEvent:149 - closeEvent
26-03-30 14:35:27 | DEBUG    | win_pos_manager:save_window_data:55 - Window size and position saved to .size_pos_MainWindow.yaml
26-03-30 14:35:56 | DEBUG    | win_pos_manager:read_window_data:34 - Window size and position loaded from .size_pos_MainWindow.yaml
26-03-30 14:35:56 | DEBUG    | win_pos_manager:read_window_data:35 - {'height': 504, 'width': 412, 'x_position': 1741, 'y_position': 0}
26-03-30 14:35:56 | DEBUG    | mbs_node_manager:__init__:61 - Window position: x=1741, y=0, width=412, height=504
26-03-30 14:36:00 | DEBUG    | mbs_node_manager:closeEvent:149 - closeEvent
26-03-30 14:36:00 | DEBUG    | win_pos_manager:save_window_data:55 - Window size and position saved to .size_pos_MainWindow.yaml
26-03-30 14:36:18 | DEBUG    | win_pos_manager:read_window_data:34 - Window size and position loaded from .size_pos_MainWindow.yaml
26-03-30 14:36:18 | DEBUG    | win_pos_manager:read_window_data:35 - {'height': 504, 'width': 412, 'x_position': 1741, 'y_position': 0}
26-03-30 14:36:18 | DEBUG    | mbs_node_manager:__init__:61 - Window position: x=1741, y=0, width=412, height=504
26-03-30 14:36:22 | DEBUG    | mbs_node_manager:closeEvent:149 - closeEvent
26-03-30 14:36:22 | DEBUG    | win_pos_manager:save_window_data:55 - Window size and position saved to .size_pos_MainWindow.yaml
26-03-30 14:36:53 | DEBUG    | win_pos_manager:read_window_data:34 - Window size and position loaded from .size_pos_MainWindow.yaml
26-03-30 14:36:53 | DEBUG    | win_pos_manager:read_window_data:35 - {'height': 504, 'width': 412, 'x_position': 1741, 'y_position': 0}
26-03-30 14:36:53 | DEBUG    | mbs_node_manager:__init__:61 - Window position: x=1741, y=0, width=412, height=504
26-03-30 14:36:55 | DEBUG    | mbs_node_manager:closeEvent:149 - closeEvent
26-03-30 14:36:55 | DEBUG    | win_pos_manager:save_window_data:55 - Window size and position saved to .size_pos_MainWindow.yaml
26-03-30 14:37:55 | DEBUG    | win_pos_manager:read_window_data:34 - Window size and position loaded from .size_pos_MainWindow.yaml
26-03-30 14:37:55 | DEBUG    | win_pos_manager:read_window_data:35 - {'height': 504, 'width': 412, 'x_position': 1741, 'y_position': 0}
26-03-30 14:37:55 | DEBUG    | mbs_node_manager:__init__:61 - Window position: x=1741, y=0, width=412, height=504
26-03-30 14:37:58 | DEBUG    | mbs_node_manager:closeEvent:148 - closeEvent
26-03-30 14:37:58 | DEBUG    | win_pos_manager:save_window_data:55 - Window size and position saved to .size_pos_MainWindow.yaml
26-03-30 14:38:44 | DEBUG    | win_pos_manager:read_window_data:34 - Window size and position loaded from .size_pos_MainWindow.yaml
26-03-30 14:38:44 | DEBUG    | win_pos_manager:read_window_data:35 - {'height': 504, 'width': 412, 'x_position': 1741, 'y_position': 0}
26-03-30 14:38:44 | DEBUG    | mbs_node_manager:__init__:61 - Window position: x=1741, y=0, width=412, height=504
26-03-30 14:38:54 | DEBUG    | mbs_node_manager:closeEvent:148 - closeEvent
26-03-30 14:38:54 | DEBUG    | win_pos_manager:save_window_data:55 - Window size and position saved to .size_pos_MainWindow.yaml
26-03-30 14:39:01 | DEBUG    | win_pos_manager:read_window_data:34 - Window size and position loaded from .size_pos_MainWindow.yaml
26-03-30 14:39:01 | DEBUG    | win_pos_manager:read_window_data:35 - {'height': 504, 'width': 412, 'x_position': 1741, 'y_position': 0}
26-03-30 14:39:01 | DEBUG    | mbs_node_manager:__init__:61 - Window position: x=1741, y=0, width=412, height=504
26-03-30 14:39:24 | DEBUG    | mbs_node_manager:closeEvent:148 - closeEvent
26-03-30 14:39:24 | DEBUG    | win_pos_manager:save_window_data:55 - Window size and position saved to .size_pos_MainWindow.yaml
26-03-30 14:40:00 | DEBUG    | win_pos_manager:read_window_data:34 - Window size and position loaded from .size_pos_MainWindow.yaml
26-03-30 14:40:00 | DEBUG    | win_pos_manager:read_window_data:35 - {'height': 853, 'width': 412, 'x_position': 1741, 'y_position': 0}
26-03-30 14:40:00 | DEBUG    | mbs_node_manager:__init__:61 - Window position: x=1741, y=0, width=412, height=853
26-03-30 14:40:06 | DEBUG    | mbs_node_manager:closeEvent:148 - closeEvent
26-03-30 14:40:06 | DEBUG    | win_pos_manager:save_window_data:55 - Window size and position saved to .size_pos_MainWindow.yaml
26-03-30 14:41:23 | DEBUG    | win_pos_manager:read_window_data:34 - Window size and position loaded from .size_pos_MainWindow.yaml
26-03-30 14:41:23 | DEBUG    | win_pos_manager:read_window_data:35 - {'height': 504, 'width': 412, 'x_position': 1743, 'y_position': 0}
26-03-30 14:41:23 | DEBUG    | mbs_node_manager:__init__:61 - Window position: x=1743, y=0, width=412, height=504
26-03-30 14:41:39 | DEBUG    | mbs_node_manager:closeEvent:148 - closeEvent
26-03-30 14:41:39 | DEBUG    | win_pos_manager:save_window_data:55 - Window size and position saved to .size_pos_MainWindow.yaml
26-03-30 14:41:48 | DEBUG    | win_pos_manager:read_window_data:34 - Window size and position loaded from .size_pos_MainWindow.yaml
26-03-30 14:41:48 | DEBUG    | win_pos_manager:read_window_data:35 - {'height': 504, 'width': 412, 'x_position': 1743, 'y_position': 0}
26-03-30 14:41:48 | DEBUG    | mbs_node_manager:__init__:61 - Window position: x=1743, y=0, width=412, height=504
26-03-30 14:42:14 | DEBUG    | mbs_node_manager:closeEvent:148 - closeEvent
26-03-30 14:42:14 | DEBUG    | win_pos_manager:save_window_data:55 - Window size and position saved to .size_pos_MainWindow.yaml
26-03-30 14:42:27 | DEBUG    | win_pos_manager:read_window_data:34 - Window size and position loaded from .size_pos_MainWindow.yaml
26-03-30 14:42:27 | DEBUG    | win_pos_manager:read_window_data:35 - {'height': 504, 'width': 412, 'x_position': 1743, 'y_position': 0}
26-03-30 14:42:27 | DEBUG    | mbs_node_manager:__init__:60 - Window position: x=1743, y=0, width=412, height=504
26-03-30 14:42:29 | DEBUG    | mbs_node_manager:closeEvent:147 - closeEvent
26-03-30 14:42:29 | DEBUG    | win_pos_manager:save_window_data:55 - Window size and position saved to .size_pos_MainWindow.yaml
26-03-30 14:42:49 | DEBUG    | win_pos_manager:read_window_data:34 - Window size and position loaded from .size_pos_MainWindow.yaml
26-03-30 14:42:49 | DEBUG    | win_pos_manager:read_window_data:35 - {'height': 504, 'width': 412, 'x_position': 1743, 'y_position': 0}
26-03-30 14:42:49 | DEBUG    | mbs_node_manager:__init__:60 - Window position: x=1743, y=0, width=412, height=504
26-03-30 14:42:52 | DEBUG    | mbs_node_manager:closeEvent:147 - closeEvent
26-03-30 14:42:52 | DEBUG    | win_pos_manager:save_window_data:55 - Window size and position saved to .size_pos_MainWindow.yaml
26-03-30 14:42:59 | DEBUG    | win_pos_manager:read_window_data:34 - Window size and position loaded from .size_pos_MainWindow.yaml
26-03-30 14:42:59 | DEBUG    | win_pos_manager:read_window_data:35 - {'height': 504, 'width': 412, 'x_position': 1743, 'y_position': 0}
26-03-30 14:42:59 | DEBUG    | mbs_node_manager:__init__:60 - Window position: x=1743, y=0, width=412, height=504
26-03-30 14:43:05 | DEBUG    | mbs_node_manager:closeEvent:147 - closeEvent
26-03-30 14:43:05 | DEBUG    | win_pos_manager:save_window_data:55 - Window size and position saved to .size_pos_MainWindow.yaml
26-03-30 14:44:09 | DEBUG    | win_pos_manager:read_window_data:34 - Window size and position loaded from .size_pos_MainWindow.yaml
26-03-30 14:44:09 | DEBUG    | win_pos_manager:read_window_data:35 - {'height': 504, 'width': 412, 'x_position': 1743, 'y_position': 0}
26-03-30 14:44:09 | DEBUG    | mbs_node_manager:__init__:60 - Window position: x=1743, y=0, width=412, height=504
26-03-30 14:44:17 | DEBUG    | mbs_node_manager:closeEvent:149 - closeEvent
26-03-30 14:44:17 | DEBUG    | win_pos_manager:save_window_data:55 - Window size and position saved to .size_pos_MainWindow.yaml
26-03-30 14:48:11 | DEBUG    | win_pos_manager:read_window_data:34 - Window size and position loaded from .size_pos_MainWindow.yaml
26-03-30 14:48:11 | DEBUG    | win_pos_manager:read_window_data:35 - {'height': 504, 'width': 412, 'x_position': 1743, 'y_position': 0}
26-03-30 14:48:11 | DEBUG    | mbs_node_manager:__init__:62 - Window position: x=1743, y=0, width=412, height=504
26-03-30 14:48:28 | DEBUG    | mbs_node_manager:closeEvent:162 - closeEvent
26-03-30 14:48:28 | DEBUG    | win_pos_manager:save_window_data:55 - Window size and position saved to .size_pos_MainWindow.yaml
26-03-30 14:48:59 | DEBUG    | win_pos_manager:read_window_data:34 - Window size and position loaded from .size_pos_MainWindow.yaml
26-03-30 14:48:59 | DEBUG    | win_pos_manager:read_window_data:35 - {'height': 1022, 'width': 412, 'x_position': 1751, 'y_position': 0}
26-03-30 14:48:59 | DEBUG    | mbs_node_manager:__init__:62 - Window position: x=1751, y=0, width=412, height=1022
26-03-30 14:49:10 | DEBUG    | mbs_node_manager:closeEvent:162 - closeEvent
26-03-30 14:49:10 | DEBUG    | win_pos_manager:save_window_data:55 - Window size and position saved to .size_pos_MainWindow.yaml
26-03-30 14:49:17 | DEBUG    | win_pos_manager:read_window_data:34 - Window size and position loaded from .size_pos_MainWindow.yaml
26-03-30 14:49:17 | DEBUG    | win_pos_manager:read_window_data:35 - {'height': 504, 'width': 412, 'x_position': 1751, 'y_position': 0}
26-03-30 14:49:17 | DEBUG    | mbs_node_manager:__init__:62 - Window position: x=1751, y=0, width=412, height=504
26-03-30 14:49:20 | DEBUG    | mbs_node_manager:closeEvent:162 - closeEvent
26-03-30 14:49:20 | DEBUG    | win_pos_manager:save_window_data:55 - Window size and position saved to .size_pos_MainWindow.yaml
26-03-30 14:49:34 | DEBUG    | win_pos_manager:read_window_data:34 - Window size and position loaded from .size_pos_MainWindow.yaml
26-03-30 14:49:34 | DEBUG    | win_pos_manager:read_window_data:35 - {'height': 504, 'width': 412, 'x_position': 1751, 'y_position': 0}
26-03-30 14:49:34 | DEBUG    | mbs_node_manager:__init__:62 - Window position: x=1751, y=0, width=412, height=504
26-03-30 14:49:38 | DEBUG    | mbs_node_manager:closeEvent:162 - closeEvent
26-03-30 14:49:38 | DEBUG    | win_pos_manager:save_window_data:55 - Window size and position saved to .size_pos_MainWindow.yaml
26-03-30 14:50:04 | DEBUG    | win_pos_manager:read_window_data:34 - Window size and position loaded from .size_pos_MainWindow.yaml
26-03-30 14:50:04 | DEBUG    | win_pos_manager:read_window_data:35 - {'height': 504, 'width': 412, 'x_position': 1751, 'y_position': 0}
26-03-30 14:50:04 | DEBUG    | mbs_node_manager:__init__:62 - Window position: x=1751, y=0, width=412, height=504
26-03-30 14:50:09 | DEBUG    | mbs_node_manager:closeEvent:165 - closeEvent
26-03-30 14:50:09 | DEBUG    | win_pos_manager:save_window_data:55 - Window size and position saved to .size_pos_MainWindow.yaml
26-03-30 14:51:08 | DEBUG    | win_pos_manager:read_window_data:34 - Window size and position loaded from .size_pos_MainWindow.yaml
26-03-30 14:51:08 | DEBUG    | win_pos_manager:read_window_data:35 - {'height': 504, 'width': 412, 'x_position': 1751, 'y_position': 0}
26-03-30 14:51:08 | DEBUG    | mbs_node_manager:__init__:62 - Window position: x=1751, y=0, width=412, height=504
26-03-30 14:51:11 | DEBUG    | mbs_node_manager:closeEvent:157 - closeEvent
26-03-30 14:51:11 | DEBUG    | win_pos_manager:save_window_data:55 - Window size and position saved to .size_pos_MainWindow.yaml
26-03-30 14:51:34 | DEBUG    | win_pos_manager:read_window_data:34 - Window size and position loaded from .size_pos_MainWindow.yaml
26-03-30 14:51:34 | DEBUG    | win_pos_manager:read_window_data:35 - {'height': 504, 'width': 412, 'x_position': 1751, 'y_position': 0}
26-03-30 14:51:34 | DEBUG    | mbs_node_manager:__init__:62 - Window position: x=1751, y=0, width=412, height=504
26-03-30 14:51:41 | DEBUG    | mbs_node_manager:closeEvent:157 - closeEvent
26-03-30 14:51:41 | DEBUG    | win_pos_manager:save_window_data:55 - Window size and position saved to .size_pos_MainWindow.yaml
26-03-30 14:51:49 | DEBUG    | win_pos_manager:read_window_data:34 - Window size and position loaded from .size_pos_MainWindow.yaml
26-03-30 14:51:49 | DEBUG    | win_pos_manager:read_window_data:35 - {'height': 504, 'width': 412, 'x_position': 1751, 'y_position': 0}
26-03-30 14:51:49 | DEBUG    | mbs_node_manager:__init__:62 - Window position: x=1751, y=0, width=412, height=504
26-03-30 14:51:54 | DEBUG    | mbs_node_manager:closeEvent:157 - closeEvent
26-03-30 14:51:54 | DEBUG    | win_pos_manager:save_window_data:55 - Window size and position saved to .size_pos_MainWindow.yaml
26-03-30 14:52:09 | DEBUG    | win_pos_manager:read_window_data:34 - Window size and position loaded from .size_pos_MainWindow.yaml
26-03-30 14:52:09 | DEBUG    | win_pos_manager:read_window_data:35 - {'height': 504, 'width': 412, 'x_position': 1751, 'y_position': 0}
26-03-30 14:52:09 | DEBUG    | mbs_node_manager:__init__:62 - Window position: x=1751, y=0, width=412, height=504
26-03-30 14:52:11 | DEBUG    | mbs_node_manager:closeEvent:154 - closeEvent
26-03-30 14:52:11 | DEBUG    | win_pos_manager:save_window_data:55 - Window size and position saved to .size_pos_MainWindow.yaml
26-03-30 14:52:26 | DEBUG    | win_pos_manager:read_window_data:34 - Window size and position loaded from .size_pos_MainWindow.yaml
26-03-30 14:52:26 | DEBUG    | win_pos_manager:read_window_data:35 - {'height': 504, 'width': 412, 'x_position': 1751, 'y_position': 0}
26-03-30 14:52:26 | DEBUG    | mbs_node_manager:__init__:62 - Window position: x=1751, y=0, width=412, height=504
26-03-30 14:52:29 | DEBUG    | mbs_node_manager:closeEvent:154 - closeEvent
26-03-30 14:52:29 | DEBUG    | win_pos_manager:save_window_data:55 - Window size and position saved to .size_pos_MainWindow.yaml
26-03-30 14:52:35 | DEBUG    | win_pos_manager:read_window_data:34 - Window size and position loaded from .size_pos_MainWindow.yaml
26-03-30 14:52:35 | DEBUG    | win_pos_manager:read_window_data:35 - {'height': 504, 'width': 412, 'x_position': 1751, 'y_position': 0}
26-03-30 14:52:35 | DEBUG    | mbs_node_manager:__init__:62 - Window position: x=1751, y=0, width=412, height=504
26-03-30 14:52:39 | DEBUG    | mbs_node_manager:closeEvent:154 - closeEvent
26-03-30 14:52:39 | DEBUG    | win_pos_manager:save_window_data:55 - Window size and position saved to .size_pos_MainWindow.yaml
26-03-30 14:52:46 | DEBUG    | win_pos_manager:read_window_data:34 - Window size and position loaded from .size_pos_MainWindow.yaml
26-03-30 14:52:46 | DEBUG    | win_pos_manager:read_window_data:35 - {'height': 504, 'width': 412, 'x_position': 1751, 'y_position': 0}
26-03-30 14:52:46 | DEBUG    | mbs_node_manager:__init__:62 - Window position: x=1751, y=0, width=412, height=504
26-03-30 14:52:50 | DEBUG    | mbs_node_manager:closeEvent:154 - closeEvent
26-03-30 14:52:50 | DEBUG    | win_pos_manager:save_window_data:55 - Window size and position saved to .size_pos_MainWindow.yaml
26-03-30 14:53:30 | DEBUG    | win_pos_manager:read_window_data:34 - Window size and position loaded from .size_pos_MainWindow.yaml
26-03-30 14:53:30 | DEBUG    | win_pos_manager:read_window_data:35 - {'height': 504, 'width': 412, 'x_position': 1751, 'y_position': 0}
26-03-30 14:53:30 | DEBUG    | mbs_node_manager:__init__:61 - Window position: x=1751, y=0, width=412, height=504
26-03-30 14:53:37 | DEBUG    | mbs_node_manager:closeEvent:146 - closeEvent
26-03-30 14:53:37 | DEBUG    | win_pos_manager:save_window_data:55 - Window size and position saved to .size_pos_MainWindow.yaml
26-03-30 14:53:48 | DEBUG    | win_pos_manager:read_window_data:34 - Window size and position loaded from .size_pos_MainWindow.yaml
26-03-30 14:53:48 | DEBUG    | win_pos_manager:read_window_data:35 - {'height': 504, 'width': 412, 'x_position': 1751, 'y_position': 0}
26-03-30 14:53:48 | DEBUG    | mbs_node_manager:__init__:61 - Window position: x=1751, y=0, width=412, height=504
26-03-30 14:53:51 | DEBUG    | mbs_node_manager:closeEvent:146 - closeEvent
26-03-30 14:53:51 | DEBUG    | win_pos_manager:save_window_data:55 - Window size and position saved to .size_pos_MainWindow.yaml
26-03-30 14:53:55 | DEBUG    | win_pos_manager:read_window_data:34 - Window size and position loaded from .size_pos_MainWindow.yaml
26-03-30 14:53:55 | DEBUG    | win_pos_manager:read_window_data:35 - {'height': 504, 'width': 412, 'x_position': 1751, 'y_position': 0}
26-03-30 14:53:55 | DEBUG    | mbs_node_manager:__init__:61 - Window position: x=1751, y=0, width=412, height=504
26-03-30 14:54:00 | DEBUG    | mbs_node_manager:closeEvent:146 - closeEvent
26-03-30 14:54:00 | DEBUG    | win_pos_manager:save_window_data:55 - Window size and position saved to .size_pos_MainWindow.yaml
26-03-30 14:54:32 | DEBUG    | win_pos_manager:read_window_data:34 - Window size and position loaded from .size_pos_MainWindow.yaml
26-03-30 14:54:32 | DEBUG    | win_pos_manager:read_window_data:35 - {'height': 504, 'width': 412, 'x_position': 1751, 'y_position': 0}
26-03-30 14:54:32 | DEBUG    | mbs_node_manager:__init__:61 - Window position: x=1751, y=0, width=412, height=504
26-03-30 14:54:34 | DEBUG    | mbs_node_manager:closeEvent:146 - closeEvent
26-03-30 14:54:34 | DEBUG    | win_pos_manager:save_window_data:55 - Window size and position saved to .size_pos_MainWindow.yaml
26-03-30 14:54:53 | DEBUG    | win_pos_manager:read_window_data:34 - Window size and position loaded from .size_pos_MainWindow.yaml
26-03-30 14:54:53 | DEBUG    | win_pos_manager:read_window_data:35 - {'height': 504, 'width': 412, 'x_position': 1751, 'y_position': 0}
26-03-30 14:54:53 | DEBUG    | mbs_node_manager:__init__:61 - Window position: x=1751, y=0, width=412, height=504
26-03-30 14:54:55 | DEBUG    | mbs_node_manager:closeEvent:146 - closeEvent
26-03-30 14:54:55 | DEBUG    | win_pos_manager:save_window_data:55 - Window size and position saved to .size_pos_MainWindow.yaml
26-03-30 14:55:02 | DEBUG    | win_pos_manager:read_window_data:34 - Window size and position loaded from .size_pos_MainWindow.yaml
26-03-30 14:55:02 | DEBUG    | win_pos_manager:read_window_data:35 - {'height': 504, 'width': 412, 'x_position': 1751, 'y_position': 0}
26-03-30 14:55:02 | DEBUG    | mbs_node_manager:__init__:61 - Window position: x=1751, y=0, width=412, height=504
26-03-30 14:55:04 | DEBUG    | mbs_node_manager:closeEvent:146 - closeEvent
26-03-30 14:55:04 | DEBUG    | win_pos_manager:save_window_data:55 - Window size and position saved to .size_pos_MainWindow.yaml
26-03-30 14:55:23 | DEBUG    | win_pos_manager:read_window_data:34 - Window size and position loaded from .size_pos_MainWindow.yaml
26-03-30 14:55:23 | DEBUG    | win_pos_manager:read_window_data:35 - {'height': 504, 'width': 412, 'x_position': 1751, 'y_position': 0}
26-03-30 14:55:23 | DEBUG    | mbs_node_manager:__init__:61 - Window position: x=1751, y=0, width=412, height=504
26-03-30 14:55:30 | DEBUG    | mbs_node_manager:closeEvent:146 - closeEvent
26-03-30 14:55:30 | DEBUG    | win_pos_manager:save_window_data:55 - Window size and position saved to .size_pos_MainWindow.yaml
26-03-30 14:55:35 | DEBUG    | win_pos_manager:read_window_data:34 - Window size and position loaded from .size_pos_MainWindow.yaml
26-03-30 14:55:35 | DEBUG    | win_pos_manager:read_window_data:35 - {'height': 504, 'width': 412, 'x_position': 1751, 'y_position': 0}
26-03-30 14:55:35 | DEBUG    | mbs_node_manager:__init__:61 - Window position: x=1751, y=0, width=412, height=504
26-03-30 14:55:38 | DEBUG    | mbs_node_manager:closeEvent:146 - closeEvent
26-03-30 14:55:38 | DEBUG    | win_pos_manager:save_window_data:55 - Window size and position saved to .size_pos_MainWindow.yaml
26-03-30 14:56:18 | DEBUG    | win_pos_manager:read_window_data:34 - Window size and position loaded from .size_pos_MainWindow.yaml
26-03-30 14:56:18 | DEBUG    | win_pos_manager:read_window_data:35 - {'height': 504, 'width': 412, 'x_position': 1751, 'y_position': 0}
26-03-30 14:56:18 | DEBUG    | mbs_node_manager:__init__:61 - Window position: x=1751, y=0, width=412, height=504
26-03-30 14:56:30 | DEBUG    | mbs_node_manager:closeEvent:146 - closeEvent
26-03-30 14:56:30 | DEBUG    | win_pos_manager:save_window_data:55 - Window size and position saved to .size_pos_MainWindow.yaml
26-03-30 14:56:41 | DEBUG    | win_pos_manager:read_window_data:34 - Window size and position loaded from .size_pos_MainWindow.yaml
26-03-30 14:56:41 | DEBUG    | win_pos_manager:read_window_data:35 - {'height': 504, 'width': 412, 'x_position': 1751, 'y_position': 0}
26-03-30 14:56:41 | DEBUG    | mbs_node_manager:__init__:61 - Window position: x=1751, y=0, width=412, height=504
26-03-30 14:56:43 | DEBUG    | mbs_node_manager:closeEvent:146 - closeEvent
26-03-30 14:56:43 | DEBUG    | win_pos_manager:save_window_data:55 - Window size and position saved to .size_pos_MainWindow.yaml
26-03-30 14:56:51 | DEBUG    | win_pos_manager:read_window_data:34 - Window size and position loaded from .size_pos_MainWindow.yaml
26-03-30 14:56:51 | DEBUG    | win_pos_manager:read_window_data:35 - {'height': 504, 'width': 412, 'x_position': 1751, 'y_position': 0}
26-03-30 14:56:51 | DEBUG    | mbs_node_manager:__init__:61 - Window position: x=1751, y=0, width=412, height=504
26-03-30 14:56:54 | DEBUG    | mbs_node_manager:closeEvent:146 - closeEvent
26-03-30 14:56:54 | DEBUG    | win_pos_manager:save_window_data:55 - Window size and position saved to .size_pos_MainWindow.yaml
26-03-30 14:57:00 | DEBUG    | win_pos_manager:read_window_data:34 - Window size and position loaded from .size_pos_MainWindow.yaml
26-03-30 14:57:00 | DEBUG    | win_pos_manager:read_window_data:35 - {'height': 504, 'width': 412, 'x_position': 1751, 'y_position': 0}
26-03-30 14:57:00 | DEBUG    | mbs_node_manager:__init__:61 - Window position: x=1751, y=0, width=412, height=504
26-03-30 14:59:07 | DEBUG    | mbs_node_manager:closeEvent:146 - closeEvent
26-03-30 14:59:07 | DEBUG    | win_pos_manager:save_window_data:55 - Window size and position saved to .size_pos_MainWindow.yaml
26-03-30 14:59:09 | DEBUG    | win_pos_manager:read_window_data:34 - Window size and position loaded from .size_pos_MainWindow.yaml
26-03-30 14:59:09 | DEBUG    | win_pos_manager:read_window_data:35 - {'height': 504, 'width': 412, 'x_position': 1751, 'y_position': 0}
26-03-30 14:59:09 | DEBUG    | mbs_node_manager:__init__:61 - Window position: x=1751, y=0, width=412, height=504
26-03-30 14:59:18 | DEBUG    | mbs_node_manager:closeEvent:146 - closeEvent
26-03-30 14:59:18 | DEBUG    | win_pos_manager:save_window_data:55 - Window size and position saved to .size_pos_MainWindow.yaml
26-03-30 14:59:53 | DEBUG    | win_pos_manager:read_window_data:34 - Window size and position loaded from .size_pos_MainWindow.yaml
26-03-30 14:59:53 | DEBUG    | win_pos_manager:read_window_data:35 - {'height': 504, 'width': 412, 'x_position': 1751, 'y_position': 0}
26-03-30 14:59:53 | DEBUG    | mbs_node_manager:__init__:61 - Window position: x=1751, y=0, width=412, height=504
26-03-30 14:59:57 | DEBUG    | mbs_node_manager:closeEvent:146 - closeEvent
26-03-30 14:59:57 | DEBUG    | win_pos_manager:save_window_data:55 - Window size and position saved to .size_pos_MainWindow.yaml
26-03-30 15:00:06 | DEBUG    | win_pos_manager:read_window_data:34 - Window size and position loaded from .size_pos_MainWindow.yaml
26-03-30 15:00:06 | DEBUG    | win_pos_manager:read_window_data:35 - {'height': 504, 'width': 412, 'x_position': 1751, 'y_position': 0}
26-03-30 15:00:06 | DEBUG    | mbs_node_manager:__init__:61 - Window position: x=1751, y=0, width=412, height=504
26-03-30 15:00:13 | DEBUG    | mbs_node_manager:closeEvent:146 - closeEvent
26-03-30 15:00:13 | DEBUG    | win_pos_manager:save_window_data:55 - Window size and position saved to .size_pos_MainWindow.yaml
26-03-30 15:00:19 | DEBUG    | win_pos_manager:read_window_data:34 - Window size and position loaded from .size_pos_MainWindow.yaml
26-03-30 15:00:19 | DEBUG    | win_pos_manager:read_window_data:35 - {'height': 504, 'width': 412, 'x_position': 1751, 'y_position': 0}
26-03-30 15:00:19 | DEBUG    | mbs_node_manager:__init__:61 - Window position: x=1751, y=0, width=412, height=504
26-03-30 15:00:21 | DEBUG    | mbs_node_manager:closeEvent:146 - closeEvent
26-03-30 15:00:21 | DEBUG    | win_pos_manager:save_window_data:55 - Window size and position saved to .size_pos_MainWindow.yaml
26-03-30 15:00:38 | DEBUG    | win_pos_manager:read_window_data:34 - Window size and position loaded from .size_pos_MainWindow.yaml
26-03-30 15:00:38 | DEBUG    | win_pos_manager:read_window_data:35 - {'height': 504, 'width': 412, 'x_position': 1751, 'y_position': 0}
26-03-30 15:00:38 | DEBUG    | mbs_node_manager:__init__:61 - Window position: x=1751, y=0, width=412, height=504
26-03-30 15:00:46 | DEBUG    | mbs_node_manager:closeEvent:146 - closeEvent
26-03-30 15:00:46 | DEBUG    | win_pos_manager:save_window_data:55 - Window size and position saved to .size_pos_MainWindow.yaml
26-03-30 15:00:57 | DEBUG    | win_pos_manager:read_window_data:34 - Window size and position loaded from .size_pos_MainWindow.yaml
26-03-30 15:00:57 | DEBUG    | win_pos_manager:read_window_data:35 - {'height': 504, 'width': 412, 'x_position': 1751, 'y_position': 0}
26-03-30 15:00:57 | DEBUG    | mbs_node_manager:__init__:61 - Window position: x=1751, y=0, width=412, height=504
26-03-30 15:01:01 | DEBUG    | mbs_node_manager:closeEvent:146 - closeEvent
26-03-30 15:01:01 | DEBUG    | win_pos_manager:save_window_data:55 - Window size and position saved to .size_pos_MainWindow.yaml
26-03-30 15:01:14 | DEBUG    | win_pos_manager:read_window_data:34 - Window size and position loaded from .size_pos_MainWindow.yaml
26-03-30 15:01:14 | DEBUG    | win_pos_manager:read_window_data:35 - {'height': 504, 'width': 412, 'x_position': 1751, 'y_position': 0}
26-03-30 15:01:14 | DEBUG    | mbs_node_manager:__init__:61 - Window position: x=1751, y=0, width=412, height=504
26-03-30 15:01:29 | DEBUG    | mbs_node_manager:closeEvent:146 - closeEvent
26-03-30 15:01:29 | DEBUG    | win_pos_manager:save_window_data:55 - Window size and position saved to .size_pos_MainWindow.yaml
26-03-30 15:01:36 | DEBUG    | win_pos_manager:read_window_data:34 - Window size and position loaded from .size_pos_MainWindow.yaml
26-03-30 15:01:36 | DEBUG    | win_pos_manager:read_window_data:35 - {'height': 504, 'width': 412, 'x_position': 1751, 'y_position': 0}
26-03-30 15:01:36 | DEBUG    | mbs_node_manager:__init__:61 - Window position: x=1751, y=0, width=412, height=504
26-03-30 15:01:39 | DEBUG    | mbs_node_manager:closeEvent:146 - closeEvent
26-03-30 15:01:39 | DEBUG    | win_pos_manager:save_window_data:55 - Window size and position saved to .size_pos_MainWindow.yaml
26-03-30 15:01:45 | DEBUG    | win_pos_manager:read_window_data:34 - Window size and position loaded from .size_pos_MainWindow.yaml
26-03-30 15:01:45 | DEBUG    | win_pos_manager:read_window_data:35 - {'height': 504, 'width': 412, 'x_position': 1751, 'y_position': 0}
26-03-30 15:01:45 | DEBUG    | mbs_node_manager:__init__:61 - Window position: x=1751, y=0, width=412, height=504
26-03-30 15:01:47 | DEBUG    | mbs_node_manager:closeEvent:146 - closeEvent
26-03-30 15:01:47 | DEBUG    | win_pos_manager:save_window_data:55 - Window size and position saved to .size_pos_MainWindow.yaml
26-03-30 15:01:54 | DEBUG    | win_pos_manager:read_window_data:34 - Window size and position loaded from .size_pos_MainWindow.yaml
26-03-30 15:01:54 | DEBUG    | win_pos_manager:read_window_data:35 - {'height': 504, 'width': 412, 'x_position': 1751, 'y_position': 0}
26-03-30 15:01:54 | DEBUG    | mbs_node_manager:__init__:61 - Window position: x=1751, y=0, width=412, height=504
26-03-30 15:01:59 | DEBUG    | mbs_node_manager:closeEvent:146 - closeEvent
26-03-30 15:01:59 | DEBUG    | win_pos_manager:save_window_data:55 - Window size and position saved to .size_pos_MainWindow.yaml
26-03-30 15:02:13 | DEBUG    | win_pos_manager:read_window_data:34 - Window size and position loaded from .size_pos_MainWindow.yaml
26-03-30 15:02:13 | DEBUG    | win_pos_manager:read_window_data:35 - {'height': 504, 'width': 412, 'x_position': 1751, 'y_position': 0}
26-03-30 15:02:13 | DEBUG    | mbs_node_manager:__init__:61 - Window position: x=1751, y=0, width=412, height=504
26-03-30 15:02:44 | DEBUG    | mbs_node_manager:closeEvent:146 - closeEvent
26-03-30 15:02:44 | DEBUG    | win_pos_manager:save_window_data:55 - Window size and position saved to .size_pos_MainWindow.yaml
26-03-30 15:02:55 | DEBUG    | win_pos_manager:read_window_data:34 - Window size and position loaded from .size_pos_MainWindow.yaml
26-03-30 15:02:55 | DEBUG    | win_pos_manager:read_window_data:35 - {'height': 504, 'width': 412, 'x_position': 1751, 'y_position': 0}
26-03-30 15:02:55 | DEBUG    | mbs_node_manager:__init__:61 - Window position: x=1751, y=0, width=412, height=504
26-03-30 15:02:58 | DEBUG    | mbs_node_manager:closeEvent:146 - closeEvent
26-03-30 15:02:58 | DEBUG    | win_pos_manager:save_window_data:55 - Window size and position saved to .size_pos_MainWindow.yaml
26-03-30 15:03:10 | DEBUG    | win_pos_manager:read_window_data:34 - Window size and position loaded from .size_pos_MainWindow.yaml
26-03-30 15:03:10 | DEBUG    | win_pos_manager:read_window_data:35 - {'height': 504, 'width': 412, 'x_position': 1751, 'y_position': 0}
26-03-30 15:03:10 | DEBUG    | mbs_node_manager:__init__:61 - Window position: x=1751, y=0, width=412, height=504
26-03-30 15:03:24 | DEBUG    | mbs_node_manager:closeEvent:146 - closeEvent
26-03-30 15:03:24 | DEBUG    | win_pos_manager:save_window_data:55 - Window size and position saved to .size_pos_MainWindow.yaml
26-03-30 15:03:31 | DEBUG    | win_pos_manager:read_window_data:34 - Window size and position loaded from .size_pos_MainWindow.yaml
26-03-30 15:03:31 | DEBUG    | win_pos_manager:read_window_data:35 - {'height': 504, 'width': 412, 'x_position': 1751, 'y_position': 0}
26-03-30 15:03:31 | DEBUG    | mbs_node_manager:__init__:61 - Window position: x=1751, y=0, width=412, height=504
26-03-30 15:03:40 | DEBUG    | mbs_node_manager:closeEvent:146 - closeEvent
26-03-30 15:03:40 | DEBUG    | win_pos_manager:save_window_data:55 - Window size and position saved to .size_pos_MainWindow.yaml
26-03-30 15:03:59 | DEBUG    | win_pos_manager:read_window_data:34 - Window size and position loaded from .size_pos_MainWindow.yaml
26-03-30 15:03:59 | DEBUG    | win_pos_manager:read_window_data:35 - {'height': 504, 'width': 412, 'x_position': 1751, 'y_position': 0}
26-03-30 15:03:59 | DEBUG    | mbs_node_manager:__init__:61 - Window position: x=1751, y=0, width=412, height=504
26-03-30 15:04:15 | DEBUG    | mbs_node_manager:closeEvent:146 - closeEvent
26-03-30 15:04:15 | DEBUG    | win_pos_manager:save_window_data:55 - Window size and position saved to .size_pos_MainWindow.yaml
26-03-30 15:04:17 | DEBUG    | win_pos_manager:read_window_data:34 - Window size and position loaded from .size_pos_MainWindow.yaml
26-03-30 15:04:17 | DEBUG    | win_pos_manager:read_window_data:35 - {'height': 504, 'width': 412, 'x_position': 1751, 'y_position': 0}
26-03-30 15:04:17 | DEBUG    | mbs_node_manager:__init__:61 - Window position: x=1751, y=0, width=412, height=504
26-03-30 15:04:32 | DEBUG    | mbs_node_manager:closeEvent:146 - closeEvent
26-03-30 15:04:32 | DEBUG    | win_pos_manager:save_window_data:55 - Window size and position saved to .size_pos_MainWindow.yaml
26-03-30 15:04:52 | DEBUG    | win_pos_manager:read_window_data:34 - Window size and position loaded from .size_pos_MainWindow.yaml
26-03-30 15:04:52 | DEBUG    | win_pos_manager:read_window_data:35 - {'height': 504, 'width': 412, 'x_position': 1751, 'y_position': 0}
26-03-30 15:04:52 | DEBUG    | mbs_node_manager:__init__:61 - Window position: x=1751, y=0, width=412, height=504
26-03-30 15:05:07 | DEBUG    | mbs_node_manager:closeEvent:147 - closeEvent
26-03-30 15:05:07 | DEBUG    | win_pos_manager:save_window_data:55 - Window size and position saved to .size_pos_MainWindow.yaml
26-03-30 15:05:48 | DEBUG    | win_pos_manager:read_window_data:34 - Window size and position loaded from .size_pos_MainWindow.yaml
26-03-30 15:05:48 | DEBUG    | win_pos_manager:read_window_data:35 - {'height': 504, 'width': 412, 'x_position': 1751, 'y_position': 0}
26-03-30 15:05:48 | DEBUG    | mbs_node_manager:__init__:61 - Window position: x=1751, y=0, width=412, height=504
26-03-30 15:05:51 | DEBUG    | mbs_node_manager:closeEvent:148 - closeEvent
26-03-30 15:05:51 | DEBUG    | win_pos_manager:save_window_data:55 - Window size and position saved to .size_pos_MainWindow.yaml
26-03-30 15:05:59 | DEBUG    | win_pos_manager:read_window_data:34 - Window size and position loaded from .size_pos_MainWindow.yaml
26-03-30 15:05:59 | DEBUG    | win_pos_manager:read_window_data:35 - {'height': 504, 'width': 412, 'x_position': 1751, 'y_position': 0}
26-03-30 15:05:59 | DEBUG    | mbs_node_manager:__init__:61 - Window position: x=1751, y=0, width=412, height=504
26-03-30 15:06:09 | DEBUG    | mbs_node_manager:closeEvent:148 - closeEvent
26-03-30 15:06:09 | DEBUG    | win_pos_manager:save_window_data:55 - Window size and position saved to .size_pos_MainWindow.yaml
26-03-30 15:06:39 | DEBUG    | win_pos_manager:read_window_data:34 - Window size and position loaded from .size_pos_MainWindow.yaml
26-03-30 15:06:39 | DEBUG    | win_pos_manager:read_window_data:35 - {'height': 504, 'width': 412, 'x_position': 1751, 'y_position': 0}
26-03-30 15:06:39 | DEBUG    | mbs_node_manager:__init__:61 - Window position: x=1751, y=0, width=412, height=504
26-03-30 15:06:48 | DEBUG    | mbs_node_manager:closeEvent:143 - closeEvent
26-03-30 15:06:48 | DEBUG    | win_pos_manager:save_window_data:55 - Window size and position saved to .size_pos_MainWindow.yaml
26-03-30 15:06:54 | DEBUG    | win_pos_manager:read_window_data:34 - Window size and position loaded from .size_pos_MainWindow.yaml
26-03-30 15:06:54 | DEBUG    | win_pos_manager:read_window_data:35 - {'height': 504, 'width': 412, 'x_position': 1751, 'y_position': 0}
26-03-30 15:06:54 | DEBUG    | mbs_node_manager:__init__:61 - Window position: x=1751, y=0, width=412, height=504
26-03-30 15:06:56 | DEBUG    | mbs_node_manager:closeEvent:143 - closeEvent
26-03-30 15:06:56 | DEBUG    | win_pos_manager:save_window_data:55 - Window size and position saved to .size_pos_MainWindow.yaml
26-03-30 15:07:09 | DEBUG    | win_pos_manager:read_window_data:34 - Window size and position loaded from .size_pos_MainWindow.yaml
26-03-30 15:07:09 | DEBUG    | win_pos_manager:read_window_data:35 - {'height': 504, 'width': 412, 'x_position': 1751, 'y_position': 0}
26-03-30 15:07:09 | DEBUG    | mbs_node_manager:__init__:61 - Window position: x=1751, y=0, width=412, height=504
26-03-30 15:07:13 | DEBUG    | mbs_node_manager:closeEvent:144 - closeEvent
26-03-30 15:07:13 | DEBUG    | win_pos_manager:save_window_data:55 - Window size and position saved to .size_pos_MainWindow.yaml
26-03-30 15:07:28 | DEBUG    | win_pos_manager:read_window_data:34 - Window size and position loaded from .size_pos_MainWindow.yaml
26-03-30 15:07:28 | DEBUG    | win_pos_manager:read_window_data:35 - {'height': 504, 'width': 412, 'x_position': 1751, 'y_position': 0}
26-03-30 15:07:28 | DEBUG    | mbs_node_manager:__init__:61 - Window position: x=1751, y=0, width=412, height=504
26-03-30 15:07:38 | DEBUG    | mbs_node_manager:closeEvent:144 - closeEvent
26-03-30 15:07:38 | DEBUG    | win_pos_manager:save_window_data:55 - Window size and position saved to .size_pos_MainWindow.yaml
26-03-30 15:07:41 | DEBUG    | win_pos_manager:read_window_data:34 - Window size and position loaded from .size_pos_MainWindow.yaml
26-03-30 15:07:41 | DEBUG    | win_pos_manager:read_window_data:35 - {'height': 504, 'width': 412, 'x_position': 2948, 'y_position': 0}
26-03-30 15:07:41 | DEBUG    | mbs_node_manager:__init__:61 - Window position: x=2948, y=0, width=412, height=504
26-03-30 15:07:46 | DEBUG    | mbs_node_manager:closeEvent:144 - closeEvent
26-03-30 15:07:46 | DEBUG    | win_pos_manager:save_window_data:55 - Window size and position saved to .size_pos_MainWindow.yaml
26-03-30 15:55:27 | DEBUG    | win_pos_manager:read_window_data:34 - Window size and position loaded from .size_pos_MainWindow.yaml
26-03-30 15:55:27 | DEBUG    | win_pos_manager:read_window_data:35 - {'height': 504, 'width': 412, 'x_position': 1758, 'y_position': 31}
26-03-30 15:55:27 | DEBUG    | mbs_node_manager:__init__:61 - Window position: x=1758, y=31, width=412, height=504
26-03-30 15:55:31 | DEBUG    | mbs_node_manager:closeEvent:144 - closeEvent
26-03-30 15:55:31 | DEBUG    | win_pos_manager:save_window_data:55 - Window size and position saved to .size_pos_MainWindow.yaml
26-03-30 15:55:55 | DEBUG    | win_pos_manager:read_window_data:34 - Window size and position loaded from .size_pos_MainWindow.yaml
26-03-30 15:55:55 | DEBUG    | win_pos_manager:read_window_data:35 - {'height': 504, 'width': 412, 'x_position': 1758, 'y_position': 3}
26-03-30 15:55:55 | DEBUG    | mbs_node_manager:__init__:61 - Window position: x=1758, y=3, width=412, height=504
26-03-30 15:55:57 | DEBUG    | mbs_node_manager:closeEvent:144 - closeEvent
26-03-30 15:55:57 | DEBUG    | win_pos_manager:save_window_data:55 - Window size and position saved to .size_pos_MainWindow.yaml
26-03-30 15:56:17 | DEBUG    | win_pos_manager:read_window_data:34 - Window size and position loaded from .size_pos_MainWindow.yaml
26-03-30 15:56:17 | DEBUG    | win_pos_manager:read_window_data:35 - {'height': 504, 'width': 412, 'x_position': 1758, 'y_position': 0}
26-03-30 15:56:17 | DEBUG    | mbs_node_manager:__init__:61 - Window position: x=1758, y=0, width=412, height=504
26-03-30 15:56:19 | DEBUG    | mbs_node_manager:closeEvent:144 - closeEvent
26-03-30 15:56:19 | DEBUG    | win_pos_manager:save_window_data:55 - Window size and position saved to .size_pos_MainWindow.yaml
26-03-30 15:57:27 | DEBUG    | win_pos_manager:read_window_data:34 - Window size and position loaded from .size_pos_MainWindow.yaml
26-03-30 15:57:27 | DEBUG    | win_pos_manager:read_window_data:35 - {'height': 504, 'width': 412, 'x_position': 1758, 'y_position': 0}
26-03-30 15:57:27 | DEBUG    | mbs_node_manager:__init__:61 - Window position: x=1758, y=0, width=412, height=504
26-03-30 15:57:31 | INFO     | mbs_node_manager:<lambda>:114 - Clicked on MUSIC hyperlink
26-03-30 15:57:39 | DEBUG    | mbs_node_manager:closeEvent:156 - closeEvent
26-03-30 15:57:39 | DEBUG    | win_pos_manager:save_window_data:55 - Window size and position saved to .size_pos_MainWindow.yaml
26-03-30 15:58:24 | DEBUG    | win_pos_manager:read_window_data:34 - Window size and position loaded from .size_pos_MainWindow.yaml
26-03-30 15:58:24 | DEBUG    | win_pos_manager:read_window_data:35 - {'height': 504, 'width': 412, 'x_position': 1758, 'y_position': 0}
26-03-30 15:58:24 | DEBUG    | mbs_node_manager:__init__:61 - Window position: x=1758, y=0, width=412, height=504
26-03-30 15:58:32 | INFO     | mbs_node_manager:<lambda>:114 - Clicked on MUSIC hyperlink
26-03-30 15:58:37 | DEBUG    | mbs_node_manager:closeEvent:158 - closeEvent
26-03-30 15:58:37 | DEBUG    | win_pos_manager:save_window_data:55 - Window size and position saved to .size_pos_MainWindow.yaml
26-03-30 15:59:12 | DEBUG    | win_pos_manager:read_window_data:34 - Window size and position loaded from .size_pos_MainWindow.yaml
26-03-30 15:59:12 | DEBUG    | win_pos_manager:read_window_data:35 - {'height': 504, 'width': 412, 'x_position': 1758, 'y_position': 0}
26-03-30 15:59:12 | DEBUG    | mbs_node_manager:__init__:61 - Window position: x=1758, y=0, width=412, height=504
26-03-30 16:01:51 | DEBUG    | mbs_node_manager:closeEvent:159 - closeEvent
26-03-30 16:01:51 | DEBUG    | win_pos_manager:save_window_data:55 - Window size and position saved to .size_pos_MainWindow.yaml
26-03-30 16:01:53 | DEBUG    | win_pos_manager:read_window_data:34 - Window size and position loaded from .size_pos_MainWindow.yaml
26-03-30 16:01:53 | DEBUG    | win_pos_manager:read_window_data:35 - {'height': 504, 'width': 412, 'x_position': 1758, 'y_position': 0}
26-03-30 16:01:53 | DEBUG    | mbs_node_manager:__init__:61 - Window position: x=1758, y=0, width=412, height=504
26-03-30 16:02:59 | DEBUG    | mbs_node_manager:closeEvent:159 - closeEvent
26-03-30 16:02:59 | DEBUG    | win_pos_manager:save_window_data:55 - Window size and position saved to .size_pos_MainWindow.yaml
26-03-30 16:03:01 | DEBUG    | win_pos_manager:read_window_data:34 - Window size and position loaded from .size_pos_MainWindow.yaml
26-03-30 16:03:01 | DEBUG    | win_pos_manager:read_window_data:35 - {'height': 504, 'width': 412, 'x_position': 1758, 'y_position': 0}
26-03-30 16:03:01 | DEBUG    | mbs_node_manager:__init__:61 - Window position: x=1758, y=0, width=412, height=504
26-03-30 16:04:18 | INFO     | mbs_node_manager:<lambda>:115 - Clicked on MUSIC hyperlink
26-03-30 16:04:35 | DEBUG    | mbs_node_manager:closeEvent:159 - closeEvent
26-03-30 16:04:35 | DEBUG    | win_pos_manager:save_window_data:55 - Window size and position saved to .size_pos_MainWindow.yaml
26-03-30 16:05:09 | DEBUG    | win_pos_manager:read_window_data:34 - Window size and position loaded from .size_pos_MainWindow.yaml
26-03-30 16:05:09 | DEBUG    | win_pos_manager:read_window_data:35 - {'height': 504, 'width': 412, 'x_position': 1680, 'y_position': 12}
26-03-30 16:05:09 | DEBUG    | mbs_node_manager:__init__:61 - Window position: x=1680, y=12, width=412, height=504
26-03-30 16:05:15 | DEBUG    | mbs_node_manager:closeEvent:159 - closeEvent
26-03-30 16:05:15 | DEBUG    | win_pos_manager:save_window_data:55 - Window size and position saved to .size_pos_MainWindow.yaml
26-03-30 16:05:31 | DEBUG    | win_pos_manager:read_window_data:34 - Window size and position loaded from .size_pos_MainWindow.yaml
26-03-30 16:05:31 | DEBUG    | win_pos_manager:read_window_data:35 - {'height': 504, 'width': 412, 'x_position': 1680, 'y_position': 0}
26-03-30 16:05:31 | DEBUG    | mbs_node_manager:__init__:61 - Window position: x=1680, y=0, width=412, height=504
26-03-30 16:05:34 | DEBUG    | mbs_node_manager:closeEvent:160 - closeEvent
26-03-30 16:05:34 | DEBUG    | win_pos_manager:save_window_data:55 - Window size and position saved to .size_pos_MainWindow.yaml
26-03-30 16:05:59 | DEBUG    | win_pos_manager:read_window_data:34 - Window size and position loaded from .size_pos_MainWindow.yaml
26-03-30 16:05:59 | DEBUG    | win_pos_manager:read_window_data:35 - {'height': 504, 'width': 412, 'x_position': 1680, 'y_position': 0}
26-03-30 16:05:59 | DEBUG    | mbs_node_manager:__init__:61 - Window position: x=1680, y=0, width=412, height=504
26-03-30 16:06:06 | DEBUG    | mbs_node_manager:closeEvent:160 - closeEvent
26-03-30 16:06:06 | DEBUG    | win_pos_manager:save_window_data:55 - Window size and position saved to .size_pos_MainWindow.yaml
26-03-30 16:06:35 | DEBUG    | win_pos_manager:read_window_data:34 - Window size and position loaded from .size_pos_MainWindow.yaml
26-03-30 16:06:35 | DEBUG    | win_pos_manager:read_window_data:35 - {'height': 504, 'width': 412, 'x_position': 1680, 'y_position': 0}
26-03-30 16:06:35 | DEBUG    | mbs_node_manager:__init__:61 - Window position: x=1680, y=0, width=412, height=504
26-03-30 16:06:45 | DEBUG    | mbs_node_manager:closeEvent:160 - closeEvent
26-03-30 16:06:45 | DEBUG    | win_pos_manager:save_window_data:55 - Window size and position saved to .size_pos_MainWindow.yaml
26-03-30 16:06:58 | DEBUG    | win_pos_manager:read_window_data:34 - Window size and position loaded from .size_pos_MainWindow.yaml
26-03-30 16:06:58 | DEBUG    | win_pos_manager:read_window_data:35 - {'height': 504, 'width': 412, 'x_position': 1680, 'y_position': 0}
26-03-30 16:06:58 | DEBUG    | mbs_node_manager:__init__:61 - Window position: x=1680, y=0, width=412, height=504
26-03-30 16:07:07 | DEBUG    | mbs_node_manager:closeEvent:160 - closeEvent
26-03-30 16:07:07 | DEBUG    | win_pos_manager:save_window_data:55 - Window size and position saved to .size_pos_MainWindow.yaml
26-03-30 16:07:13 | DEBUG    | win_pos_manager:read_window_data:34 - Window size and position loaded from .size_pos_MainWindow.yaml
26-03-30 16:07:13 | DEBUG    | win_pos_manager:read_window_data:35 - {'height': 504, 'width': 412, 'x_position': 1680, 'y_position': 0}
26-03-30 16:07:13 | DEBUG    | mbs_node_manager:__init__:61 - Window position: x=1680, y=0, width=412, height=504
26-03-30 16:07:25 | DEBUG    | mbs_node_manager:closeEvent:160 - closeEvent
26-03-30 16:07:25 | DEBUG    | win_pos_manager:save_window_data:55 - Window size and position saved to .size_pos_MainWindow.yaml
26-03-30 16:07:49 | DEBUG    | win_pos_manager:read_window_data:34 - Window size and position loaded from .size_pos_MainWindow.yaml
26-03-30 16:07:49 | DEBUG    | win_pos_manager:read_window_data:35 - {'height': 504, 'width': 412, 'x_position': 1680, 'y_position': 0}
26-03-30 16:07:49 | DEBUG    | mbs_node_manager:__init__:61 - Window position: x=1680, y=0, width=412, height=504
26-03-30 16:07:57 | DEBUG    | mbs_node_manager:closeEvent:160 - closeEvent
26-03-30 16:07:57 | DEBUG    | win_pos_manager:save_window_data:55 - Window size and position saved to .size_pos_MainWindow.yaml
26-03-30 16:08:10 | DEBUG    | win_pos_manager:read_window_data:34 - Window size and position loaded from .size_pos_MainWindow.yaml
26-03-30 16:08:10 | DEBUG    | win_pos_manager:read_window_data:35 - {'height': 504, 'width': 412, 'x_position': 1680, 'y_position': 0}
26-03-30 16:08:10 | DEBUG    | mbs_node_manager:__init__:61 - Window position: x=1680, y=0, width=412, height=504
26-03-30 16:08:18 | DEBUG    | mbs_node_manager:closeEvent:160 - closeEvent
26-03-30 16:08:18 | DEBUG    | win_pos_manager:save_window_data:55 - Window size and position saved to .size_pos_MainWindow.yaml
26-03-30 16:08:51 | DEBUG    | win_pos_manager:read_window_data:34 - Window size and position loaded from .size_pos_MainWindow.yaml
26-03-30 16:08:51 | DEBUG    | win_pos_manager:read_window_data:35 - {'height': 504, 'width': 412, 'x_position': 1680, 'y_position': 0}
26-03-30 16:08:51 | DEBUG    | mbs_node_manager:__init__:61 - Window position: x=1680, y=0, width=412, height=504
26-03-30 16:08:52 | DEBUG    | mbs_node_manager:closeEvent:148 - closeEvent
26-03-30 16:08:52 | DEBUG    | win_pos_manager:save_window_data:55 - Window size and position saved to .size_pos_MainWindow.yaml
26-03-30 16:09:05 | DEBUG    | win_pos_manager:read_window_data:34 - Window size and position loaded from .size_pos_MainWindow.yaml
26-03-30 16:09:05 | DEBUG    | win_pos_manager:read_window_data:35 - {'height': 504, 'width': 412, 'x_position': 1680, 'y_position': 0}
26-03-30 16:09:05 | DEBUG    | mbs_node_manager:__init__:61 - Window position: x=1680, y=0, width=412, height=504
26-03-30 16:09:08 | DEBUG    | mbs_node_manager:closeEvent:149 - closeEvent
26-03-30 16:09:08 | DEBUG    | win_pos_manager:save_window_data:55 - Window size and position saved to .size_pos_MainWindow.yaml
26-03-30 16:09:23 | DEBUG    | win_pos_manager:read_window_data:34 - Window size and position loaded from .size_pos_MainWindow.yaml
26-03-30 16:09:23 | DEBUG    | win_pos_manager:read_window_data:35 - {'height': 504, 'width': 412, 'x_position': 1680, 'y_position': 0}
26-03-30 16:09:23 | DEBUG    | mbs_node_manager:__init__:61 - Window position: x=1680, y=0, width=412, height=504
26-03-30 16:09:26 | DEBUG    | mbs_node_manager:closeEvent:148 - closeEvent
26-03-30 16:09:26 | DEBUG    | win_pos_manager:save_window_data:55 - Window size and position saved to .size_pos_MainWindow.yaml
26-03-30 16:09:31 | DEBUG    | win_pos_manager:read_window_data:34 - Window size and position loaded from .size_pos_MainWindow.yaml
26-03-30 16:09:31 | DEBUG    | win_pos_manager:read_window_data:35 - {'height': 504, 'width': 412, 'x_position': 1680, 'y_position': 0}
26-03-30 16:09:31 | DEBUG    | mbs_node_manager:__init__:61 - Window position: x=1680, y=0, width=412, height=504
26-03-30 16:09:42 | DEBUG    | mbs_node_manager:closeEvent:148 - closeEvent
26-03-30 16:09:42 | DEBUG    | win_pos_manager:save_window_data:55 - Window size and position saved to .size_pos_MainWindow.yaml
26-03-30 16:09:59 | DEBUG    | win_pos_manager:read_window_data:34 - Window size and position loaded from .size_pos_MainWindow.yaml
26-03-30 16:09:59 | DEBUG    | win_pos_manager:read_window_data:35 - {'height': 504, 'width': 412, 'x_position': 1680, 'y_position': 0}
26-03-30 16:09:59 | DEBUG    | mbs_node_manager:__init__:61 - Window position: x=1680, y=0, width=412, height=504
26-03-30 16:10:03 | DEBUG    | mbs_node_manager:closeEvent:148 - closeEvent
26-03-30 16:10:03 | DEBUG    | win_pos_manager:save_window_data:55 - Window size and position saved to .size_pos_MainWindow.yaml
26-03-30 16:10:09 | DEBUG    | win_pos_manager:read_window_data:34 - Window size and position loaded from .size_pos_MainWindow.yaml
26-03-30 16:10:09 | DEBUG    | win_pos_manager:read_window_data:35 - {'height': 504, 'width': 412, 'x_position': 1680, 'y_position': 0}
26-03-30 16:10:09 | DEBUG    | mbs_node_manager:__init__:61 - Window position: x=1680, y=0, width=412, height=504
26-03-30 16:10:41 | DEBUG    | mbs_node_manager:closeEvent:148 - closeEvent
26-03-30 16:10:41 | DEBUG    | win_pos_manager:save_window_data:55 - Window size and position saved to .size_pos_MainWindow.yaml
26-03-30 16:11:07 | DEBUG    | win_pos_manager:read_window_data:34 - Window size and position loaded from .size_pos_MainWindow.yaml
26-03-30 16:11:07 | DEBUG    | win_pos_manager:read_window_data:35 - {'height': 504, 'width': 412, 'x_position': 1680, 'y_position': 0}
26-03-30 16:11:07 | DEBUG    | mbs_node_manager:__init__:61 - Window position: x=1680, y=0, width=412, height=504
26-03-30 16:11:33 | DEBUG    | mbs_node_manager:closeEvent:148 - closeEvent
26-03-30 16:11:33 | DEBUG    | win_pos_manager:save_window_data:55 - Window size and position saved to .size_pos_MainWindow.yaml
26-03-30 16:11:35 | DEBUG    | win_pos_manager:read_window_data:34 - Window size and position loaded from .size_pos_MainWindow.yaml
26-03-30 16:11:35 | DEBUG    | win_pos_manager:read_window_data:35 - {'height': 504, 'width': 412, 'x_position': 1680, 'y_position': 0}
26-03-30 16:11:35 | DEBUG    | mbs_node_manager:__init__:61 - Window position: x=1680, y=0, width=412, height=504
26-03-30 16:11:48 | DEBUG    | mbs_node_manager:closeEvent:148 - closeEvent
26-03-30 16:11:48 | DEBUG    | win_pos_manager:save_window_data:55 - Window size and position saved to .size_pos_MainWindow.yaml
26-03-30 16:12:20 | DEBUG    | win_pos_manager:read_window_data:34 - Window size and position loaded from .size_pos_MainWindow.yaml
26-03-30 16:12:20 | DEBUG    | win_pos_manager:read_window_data:35 - {'height': 504, 'width': 412, 'x_position': 1680, 'y_position': 0}
26-03-30 16:12:20 | DEBUG    | mbs_node_manager:__init__:61 - Window position: x=1680, y=0, width=412, height=504
26-03-30 16:12:30 | DEBUG    | mbs_node_manager:closeEvent:146 - closeEvent
26-03-30 16:12:30 | DEBUG    | win_pos_manager:save_window_data:55 - Window size and position saved to .size_pos_MainWindow.yaml
26-03-30 16:12:46 | DEBUG    | win_pos_manager:read_window_data:34 - Window size and position loaded from .size_pos_MainWindow.yaml
26-03-30 16:12:46 | DEBUG    | win_pos_manager:read_window_data:35 - {'height': 504, 'width': 412, 'x_position': 1680, 'y_position': 0}
26-03-30 16:12:46 | DEBUG    | mbs_node_manager:__init__:61 - Window position: x=1680, y=0, width=412, height=504
26-03-30 16:13:22 | DEBUG    | mbs_node_manager:closeEvent:146 - closeEvent
26-03-30 16:13:22 | DEBUG    | win_pos_manager:save_window_data:55 - Window size and position saved to .size_pos_MainWindow.yaml
26-03-30 16:31:53 | DEBUG    | win_pos_manager:read_window_data:34 - Window size and position loaded from .size_pos_MainWindow.yaml
26-03-30 16:31:53 | DEBUG    | win_pos_manager:read_window_data:35 - {'height': 504, 'width': 412, 'x_position': 1680, 'y_position': 0}
26-03-30 16:31:53 | DEBUG    | mbs_node_manager:__init__:61 - Window position: x=1680, y=0, width=412, height=504
26-03-30 16:32:05 | DEBUG    | mbs_node_manager:closeEvent:146 - closeEvent
26-03-30 16:32:05 | DEBUG    | win_pos_manager:save_window_data:55 - Window size and position saved to .size_pos_MainWindow.yaml
26-03-30 16:32:20 | DEBUG    | win_pos_manager:read_window_data:34 - Window size and position loaded from .size_pos_MainWindow.yaml
26-03-30 16:32:20 | DEBUG    | win_pos_manager:read_window_data:35 - {'height': 504, 'width': 412, 'x_position': 1680, 'y_position': 0}
26-03-30 16:32:20 | DEBUG    | mbs_node_manager:__init__:61 - Window position: x=1680, y=0, width=412, height=504
26-03-30 16:48:36 | DEBUG    | mbs_node_manager:closeEvent:146 - closeEvent
26-03-30 16:48:36 | DEBUG    | win_pos_manager:save_window_data:55 - Window size and position saved to .size_pos_MainWindow.yaml
26-03-30 16:48:38 | DEBUG    | win_pos_manager:read_window_data:34 - Window size and position loaded from .size_pos_MainWindow.yaml
26-03-30 16:48:38 | DEBUG    | win_pos_manager:read_window_data:35 - {'height': 504, 'width': 412, 'x_position': 1680, 'y_position': 0}
26-03-30 16:48:38 | DEBUG    | mbs_node_manager:__init__:61 - Window position: x=1680, y=0, width=412, height=504
26-03-30 16:49:26 | DEBUG    | mbs_node_manager:closeEvent:146 - closeEvent
26-03-30 16:49:26 | DEBUG    | win_pos_manager:save_window_data:55 - Window size and position saved to .size_pos_MainWindow.yaml
26-03-30 16:59:51 | DEBUG    | win_pos_manager:read_window_data:34 - Window size and position loaded from .size_pos_MainWindow.yaml
26-03-30 16:59:51 | DEBUG    | win_pos_manager:read_window_data:35 - {'height': 504, 'width': 412, 'x_position': 1680, 'y_position': 0}
26-03-30 16:59:51 | DEBUG    | mbs_node_manager:__init__:61 - Window position: x=1680, y=0, width=412, height=504
26-03-30 17:06:21 | DEBUG    | mbs_node_manager:closeEvent:146 - closeEvent
26-03-30 17:06:21 | DEBUG    | win_pos_manager:save_window_data:55 - Window size and position saved to .size_pos_MainWindow.yaml
26-03-30 17:06:59 | DEBUG    | win_pos_manager:read_window_data:34 - Window size and position loaded from .size_pos_MainWindow.yaml
26-03-30 17:06:59 | DEBUG    | win_pos_manager:read_window_data:35 - {'height': 504, 'width': 412, 'x_position': 1680, 'y_position': 0}
26-03-30 17:06:59 | DEBUG    | mbs_node_manager:__init__:61 - Window position: x=1680, y=0, width=412, height=504
26-03-30 17:07:09 | DEBUG    | mbs_node_manager:closeEvent:147 - closeEvent
26-03-30 17:07:09 | DEBUG    | win_pos_manager:save_window_data:55 - Window size and position saved to .size_pos_MainWindow.yaml
26-03-30 17:07:22 | DEBUG    | win_pos_manager:read_window_data:34 - Window size and position loaded from .size_pos_MainWindow.yaml
26-03-30 17:07:22 | DEBUG    | win_pos_manager:read_window_data:35 - {'height': 504, 'width': 412, 'x_position': 1680, 'y_position': 0}
26-03-30 17:07:22 | DEBUG    | mbs_node_manager:__init__:61 - Window position: x=1680, y=0, width=412, height=504
26-03-30 17:07:28 | DEBUG    | mbs_node_manager:closeEvent:146 - closeEvent
26-03-30 17:07:28 | DEBUG    | win_pos_manager:save_window_data:55 - Window size and position saved to .size_pos_MainWindow.yaml
26-03-30 17:12:41 | DEBUG    | win_pos_manager:read_window_data:34 - Window size and position loaded from .size_pos_MainWindow.yaml
26-03-30 17:12:41 | DEBUG    | win_pos_manager:read_window_data:35 - {'height': 504, 'width': 600, 'x_position': 1680, 'y_position': 0}
26-03-30 17:12:41 | DEBUG    | mbs_node_manager:__init__:61 - Window position: x=1680, y=0, width=600, height=504
26-03-30 17:12:50 | DEBUG    | mbs_node_manager:closeEvent:146 - closeEvent
26-03-30 17:12:50 | DEBUG    | win_pos_manager:save_window_data:55 - Window size and position saved to .size_pos_MainWindow.yaml
26-03-30 17:13:02 | DEBUG    | win_pos_manager:read_window_data:34 - Window size and position loaded from .size_pos_MainWindow.yaml
26-03-30 17:13:02 | DEBUG    | win_pos_manager:read_window_data:35 - {'height': 504, 'width': 600, 'x_position': 1680, 'y_position': 0}
26-03-30 17:13:02 | DEBUG    | mbs_node_manager:__init__:61 - Window position: x=1680, y=0, width=600, height=504
26-03-30 17:13:07 | DEBUG    | mbs_node_manager:closeEvent:146 - closeEvent
26-03-30 17:13:07 | DEBUG    | win_pos_manager:save_window_data:55 - Window size and position saved to .size_pos_MainWindow.yaml
26-03-30 17:17:47 | DEBUG    | win_pos_manager:read_window_data:34 - Window size and position loaded from .size_pos_MainWindow.yaml
26-03-30 17:17:47 | DEBUG    | win_pos_manager:read_window_data:35 - {'height': 504, 'width': 600, 'x_position': 1680, 'y_position': 0}
26-03-30 17:17:47 | DEBUG    | mbs_node_manager:__init__:61 - Window position: x=1680, y=0, width=600, height=504
26-03-30 17:19:19 | DEBUG    | mbs_node_manager:closeEvent:146 - closeEvent
26-03-30 17:19:19 | DEBUG    | win_pos_manager:save_window_data:55 - Window size and position saved to .size_pos_MainWindow.yaml
26-03-30 17:19:36 | DEBUG    | win_pos_manager:read_window_data:34 - Window size and position loaded from .size_pos_MainWindow.yaml
26-03-30 17:19:36 | DEBUG    | win_pos_manager:read_window_data:35 - {'height': 504, 'width': 600, 'x_position': 1680, 'y_position': 0}
26-03-30 17:19:36 | DEBUG    | mbs_node_manager:__init__:61 - Window position: x=1680, y=0, width=600, height=504
26-03-30 17:19:43 | DEBUG    | mbs_node_manager:closeEvent:146 - closeEvent
26-03-30 17:19:43 | DEBUG    | win_pos_manager:save_window_data:55 - Window size and position saved to .size_pos_MainWindow.yaml
26-03-30 17:20:07 | DEBUG    | win_pos_manager:read_window_data:34 - Window size and position loaded from .size_pos_MainWindow.yaml
26-03-30 17:20:07 | DEBUG    | win_pos_manager:read_window_data:35 - {'height': 865, 'width': 600, 'x_position': 1680, 'y_position': 0}
26-03-30 17:20:07 | DEBUG    | mbs_node_manager:__init__:61 - Window position: x=1680, y=0, width=600, height=865
26-03-30 17:20:11 | DEBUG    | mbs_node_manager:closeEvent:146 - closeEvent
26-03-30 17:20:11 | DEBUG    | win_pos_manager:save_window_data:55 - Window size and position saved to .size_pos_MainWindow.yaml
26-03-30 17:20:13 | DEBUG    | win_pos_manager:read_window_data:34 - Window size and position loaded from .size_pos_MainWindow.yaml
26-03-30 17:20:13 | DEBUG    | win_pos_manager:read_window_data:35 - {'height': 498, 'width': 600, 'x_position': 1680, 'y_position': 0}
26-03-30 17:20:13 | DEBUG    | mbs_node_manager:__init__:61 - Window position: x=1680, y=0, width=600, height=498
26-03-30 17:20:28 | DEBUG    | mbs_node_manager:closeEvent:146 - closeEvent
26-03-30 17:20:28 | DEBUG    | win_pos_manager:save_window_data:55 - Window size and position saved to .size_pos_MainWindow.yaml
26-03-30 17:20:32 | DEBUG    | win_pos_manager:read_window_data:34 - Window size and position loaded from .size_pos_MainWindow.yaml
26-03-30 17:20:32 | DEBUG    | win_pos_manager:read_window_data:35 - {'height': 500, 'width': 600, 'x_position': 1680, 'y_position': 0}
26-03-30 17:20:32 | DEBUG    | mbs_node_manager:__init__:61 - Window position: x=1680, y=0, width=600, height=500
26-03-30 17:20:36 | DEBUG    | mbs_node_manager:closeEvent:146 - closeEvent
26-03-30 17:20:36 | DEBUG    | win_pos_manager:save_window_data:55 - Window size and position saved to .size_pos_MainWindow.yaml
26-03-30 17:20:38 | DEBUG    | win_pos_manager:read_window_data:34 - Window size and position loaded from .size_pos_MainWindow.yaml
26-03-30 17:20:38 | DEBUG    | win_pos_manager:read_window_data:35 - {'height': 700, 'width': 600, 'x_position': 1733, 'y_position': 33}
26-03-30 17:20:38 | DEBUG    | mbs_node_manager:__init__:61 - Window position: x=1733, y=33, width=600, height=700
26-03-30 17:21:26 | DEBUG    | mbs_node_manager:closeEvent:146 - closeEvent
26-03-30 17:21:26 | DEBUG    | win_pos_manager:save_window_data:55 - Window size and position saved to .size_pos_MainWindow.yaml
26-03-30 17:21:28 | DEBUG    | win_pos_manager:read_window_data:34 - Window size and position loaded from .size_pos_MainWindow.yaml
26-03-30 17:21:28 | DEBUG    | win_pos_manager:read_window_data:35 - {'height': 700, 'width': 600, 'x_position': 1733, 'y_position': 5}
26-03-30 17:21:28 | DEBUG    | mbs_node_manager:__init__:61 - Window position: x=1733, y=5, width=600, height=700
26-03-30 17:22:05 | DEBUG    | mbs_node_manager:closeEvent:146 - closeEvent
26-03-30 17:22:05 | DEBUG    | win_pos_manager:save_window_data:55 - Window size and position saved to .size_pos_MainWindow.yaml
26-03-30 17:30:07 | DEBUG    | win_pos_manager:read_window_data:34 - Window size and position loaded from .size_pos_MainWindow.yaml
26-03-30 17:30:07 | DEBUG    | win_pos_manager:read_window_data:35 - {'height': 700, 'width': 600, 'x_position': 1733, 'y_position': 0}
26-03-30 17:30:07 | DEBUG    | mbs_node_manager:__init__:61 - Window position: x=1733, y=0, width=600, height=700
26-03-30 17:31:21 | DEBUG    | mbs_node_manager:closeEvent:146 - closeEvent
26-03-30 17:31:21 | DEBUG    | win_pos_manager:save_window_data:55 - Window size and position saved to .size_pos_MainWindow.yaml
26-03-30 17:35:48 | DEBUG    | win_pos_manager:read_window_data:34 - Window size and position loaded from .size_pos_MainWindow.yaml
26-03-30 17:35:48 | DEBUG    | win_pos_manager:read_window_data:35 - {'height': 700, 'width': 600, 'x_position': 1733, 'y_position': 0}
26-03-30 17:35:48 | DEBUG    | mbs_node_manager:__init__:61 - Window position: x=1733, y=0, width=600, height=700
26-03-30 17:37:31 | DEBUG    | mbs_node_manager:closeEvent:146 - closeEvent
26-03-30 17:37:31 | DEBUG    | win_pos_manager:save_window_data:55 - Window size and position saved to .size_pos_MainWindow.yaml
26-03-30 17:38:54 | DEBUG    | win_pos_manager:read_window_data:34 - Window size and position loaded from .size_pos_MainWindow.yaml
26-03-30 17:38:54 | DEBUG    | win_pos_manager:read_window_data:35 - {'height': 700, 'width': 600, 'x_position': 1733, 'y_position': 0}
26-03-30 17:38:54 | DEBUG    | mbs_node_manager:__init__:61 - Window position: x=1733, y=0, width=600, height=700
26-03-30 17:39:11 | DEBUG    | mbs_node_manager:closeEvent:146 - closeEvent
26-03-30 17:39:11 | DEBUG    | win_pos_manager:save_window_data:55 - Window size and position saved to .size_pos_MainWindow.yaml
26-03-30 17:42:08 | DEBUG    | win_pos_manager:read_window_data:34 - Window size and position loaded from .size_pos_MainWindow.yaml
26-03-30 17:42:08 | DEBUG    | win_pos_manager:read_window_data:35 - {'height': 700, 'width': 600, 'x_position': 1030, 'y_position': 26}
26-03-30 17:42:08 | DEBUG    | mbs_node_manager:__init__:61 - Window position: x=1030, y=26, width=600, height=700
26-03-30 17:42:24 | DEBUG    | mbs_node_manager:closeEvent:146 - closeEvent
26-03-30 17:42:24 | DEBUG    | win_pos_manager:save_window_data:55 - Window size and position saved to .size_pos_MainWindow.yaml
26-03-30 17:42:33 | DEBUG    | win_pos_manager:read_window_data:34 - Window size and position loaded from .size_pos_MainWindow.yaml
26-03-30 17:42:33 | DEBUG    | win_pos_manager:read_window_data:35 - {'height': 700, 'width': 600, 'x_position': 371, 'y_position': 33}
26-03-30 17:42:33 | DEBUG    | mbs_node_manager:__init__:61 - Window position: x=371, y=33, width=600, height=700
26-03-30 17:42:38 | DEBUG    | mbs_node_manager:closeEvent:146 - closeEvent
26-03-30 17:42:38 | DEBUG    | win_pos_manager:save_window_data:55 - Window size and position saved to .size_pos_MainWindow.yaml
26-03-30 17:42:40 | DEBUG    | win_pos_manager:read_window_data:34 - Window size and position loaded from .size_pos_MainWindow.yaml
26-03-30 17:42:40 | DEBUG    | win_pos_manager:read_window_data:35 - {'height': 700, 'width': 600, 'x_position': 2152, 'y_position': 154}
26-03-30 17:42:40 | DEBUG    | mbs_node_manager:__init__:61 - Window position: x=2152, y=154, width=600, height=700
26-03-30 17:43:11 | DEBUG    | mbs_node_manager:closeEvent:146 - closeEvent
26-03-30 17:43:11 | DEBUG    | win_pos_manager:save_window_data:55 - Window size and position saved to .size_pos_MainWindow.yaml
26-03-30 17:43:52 | DEBUG    | win_pos_manager:read_window_data:34 - Window size and position loaded from .size_pos_MainWindow.yaml
26-03-30 17:43:52 | DEBUG    | win_pos_manager:read_window_data:35 - {'height': 700, 'width': 600, 'x_position': 2404, 'y_position': 173}
26-03-30 17:43:52 | DEBUG    | mbs_node_manager:__init__:61 - Window position: x=2404, y=173, width=600, height=700
26-03-30 17:43:56 | DEBUG    | mbs_node_manager:closeEvent:146 - closeEvent
26-03-30 17:43:56 | DEBUG    | win_pos_manager:save_window_data:55 - Window size and position saved to .size_pos_MainWindow.yaml
26-03-30 17:44:08 | DEBUG    | win_pos_manager:read_window_data:34 - Window size and position loaded from .size_pos_MainWindow.yaml
26-03-30 17:44:08 | DEBUG    | win_pos_manager:read_window_data:35 - {'height': 700, 'width': 600, 'x_position': 2404, 'y_position': 145}
26-03-30 17:44:08 | DEBUG    | mbs_node_manager:__init__:61 - Window position: x=2404, y=145, width=600, height=700
26-03-30 17:44:29 | DEBUG    | mbs_node_manager:closeEvent:146 - closeEvent
26-03-30 17:44:29 | DEBUG    | win_pos_manager:save_window_data:55 - Window size and position saved to .size_pos_MainWindow.yaml
26-03-30 17:44:32 | DEBUG    | win_pos_manager:read_window_data:34 - Window size and position loaded from .size_pos_MainWindow.yaml
26-03-30 17:44:32 | DEBUG    | win_pos_manager:read_window_data:35 - {'height': 700, 'width': 600, 'x_position': 2174, 'y_position': 187}
26-03-30 17:44:32 | DEBUG    | mbs_node_manager:__init__:61 - Window position: x=2174, y=187, width=600, height=700
26-03-30 17:44:36 | DEBUG    | mbs_node_manager:closeEvent:146 - closeEvent
26-03-30 17:44:36 | DEBUG    | win_pos_manager:save_window_data:55 - Window size and position saved to .size_pos_MainWindow.yaml
26-03-31 10:19:27 | DEBUG    | win_pos_manager:read_window_data:34 - Window size and position loaded from .size_pos_MainWindow.yaml
26-03-31 10:19:27 | DEBUG    | win_pos_manager:read_window_data:35 - {'height': 700, 'width': 600, 'x_position': 2174, 'y_position': 159}
26-03-31 10:19:27 | DEBUG    | mbs_node_manager:__init__:61 - Window position: x=2174, y=159, width=600, height=700
26-03-31 10:35:58 | DEBUG    | mbs_node_manager:closeEvent:146 - closeEvent
26-03-31 10:35:58 | DEBUG    | win_pos_manager:save_window_data:55 - Window size and position saved to .size_pos_MainWindow.yaml
26-03-31 10:38:30 | DEBUG    | win_pos_manager:read_window_data:34 - Window size and position loaded from .size_pos_MainWindow.yaml
26-03-31 10:38:30 | DEBUG    | win_pos_manager:read_window_data:35 - {'height': 700, 'width': 600, 'x_position': 1874, 'y_position': 44}
26-03-31 10:38:30 | DEBUG    | mbs_node_manager:__init__:61 - Window position: x=1874, y=44, width=600, height=700
26-03-31 10:38:36 | DEBUG    | mbs_node_manager:closeEvent:146 - closeEvent
26-03-31 10:38:36 | DEBUG    | win_pos_manager:save_window_data:55 - Window size and position saved to .size_pos_MainWindow.yaml
26-03-31 10:40:24 | DEBUG    | win_pos_manager:read_window_data:34 - Window size and position loaded from .size_pos_MainWindow.yaml
26-03-31 10:40:24 | DEBUG    | win_pos_manager:read_window_data:35 - {'height': 700, 'width': 600, 'x_position': 1874, 'y_position': 16}
26-03-31 10:40:24 | DEBUG    | mbs_node_manager:__init__:61 - Window position: x=1874, y=16, width=600, height=700
26-03-31 10:40:33 | DEBUG    | mbs_node_manager:closeEvent:146 - closeEvent
26-03-31 10:40:33 | DEBUG    | win_pos_manager:save_window_data:55 - Window size and position saved to .size_pos_MainWindow.yaml
26-03-31 10:41:53 | DEBUG    | win_pos_manager:read_window_data:34 - Window size and position loaded from .size_pos_MainWindow.yaml
26-03-31 10:41:53 | DEBUG    | win_pos_manager:read_window_data:35 - {'height': 700, 'width': 600, 'x_position': 1874, 'y_position': 0}
26-03-31 10:41:53 | DEBUG    | mbs_node_manager:__init__:61 - Window position: x=1874, y=0, width=600, height=700
26-03-31 10:41:56 | INFO     | menu_bar:toggle_external_browser:39 - External MBS Browser: Enabled
26-03-31 10:41:58 | INFO     | menu_bar:toggle_external_browser:39 - External MBS Browser: Disabled
26-03-31 10:41:59 | INFO     | menu_bar:toggle_external_browser:39 - External MBS Browser: Enabled
26-03-31 10:42:00 | DEBUG    | mbs_node_manager:closeEvent:146 - closeEvent
26-03-31 10:42:00 | DEBUG    | win_pos_manager:save_window_data:55 - Window size and position saved to .size_pos_MainWindow.yaml
26-03-31 10:42:44 | DEBUG    | win_pos_manager:read_window_data:34 - Window size and position loaded from .size_pos_MainWindow.yaml
26-03-31 10:42:44 | DEBUG    | win_pos_manager:read_window_data:35 - {'height': 700, 'width': 600, 'x_position': 1874, 'y_position': 0}
26-03-31 10:42:44 | DEBUG    | mbs_node_manager:__init__:61 - Window position: x=1874, y=0, width=600, height=700
26-03-31 10:42:46 | INFO     | menu_bar:toggle_external_browser:40 - External MBS Browser: Enabled
26-03-31 10:42:50 | INFO     | menu_bar:toggle_external_browser:40 - External MBS Browser: Disabled
26-03-31 10:42:52 | DEBUG    | mbs_node_manager:closeEvent:146 - closeEvent
26-03-31 10:42:52 | DEBUG    | win_pos_manager:save_window_data:55 - Window size and position saved to .size_pos_MainWindow.yaml
26-03-31 10:43:41 | DEBUG    | win_pos_manager:read_window_data:34 - Window size and position loaded from .size_pos_MainWindow.yaml
26-03-31 10:43:41 | DEBUG    | win_pos_manager:read_window_data:35 - {'height': 700, 'width': 600, 'x_position': 1874, 'y_position': 0}
26-03-31 10:43:41 | DEBUG    | mbs_node_manager:__init__:61 - Window position: x=1874, y=0, width=600, height=700
26-03-31 10:43:43 | INFO     | menu_bar:toggle_external_browser:39 - External MBS Browser: Disabled
26-03-31 10:43:46 | INFO     | menu_bar:toggle_external_browser:39 - External MBS Browser: Disabled
26-03-31 10:43:49 | INFO     | menu_bar:toggle_external_browser:39 - External MBS Browser: Disabled
26-03-31 10:44:01 | DEBUG    | mbs_node_manager:closeEvent:146 - closeEvent
26-03-31 10:44:01 | DEBUG    | win_pos_manager:save_window_data:55 - Window size and position saved to .size_pos_MainWindow.yaml
26-03-31 10:44:03 | DEBUG    | win_pos_manager:read_window_data:34 - Window size and position loaded from .size_pos_MainWindow.yaml
26-03-31 10:44:03 | DEBUG    | win_pos_manager:read_window_data:35 - {'height': 700, 'width': 600, 'x_position': 1874, 'y_position': 0}
26-03-31 10:44:03 | DEBUG    | mbs_node_manager:__init__:61 - Window position: x=1874, y=0, width=600, height=700
26-03-31 10:44:04 | INFO     | menu_bar:toggle_external_browser:39 - External MBS Browser: Enabled
26-03-31 10:44:06 | INFO     | menu_bar:toggle_external_browser:39 - External MBS Browser: Disabled
26-03-31 10:44:08 | INFO     | menu_bar:toggle_external_browser:39 - External MBS Browser: Enabled
26-03-31 10:44:12 | INFO     | menu_bar:toggle_external_browser:39 - External MBS Browser: Disabled
26-03-31 10:44:30 | DEBUG    | mbs_node_manager:closeEvent:146 - closeEvent
26-03-31 10:44:30 | DEBUG    | win_pos_manager:save_window_data:55 - Window size and position saved to .size_pos_MainWindow.yaml
26-03-31 10:45:51 | DEBUG    | win_pos_manager:read_window_data:34 - Window size and position loaded from .size_pos_MainWindow.yaml
26-03-31 10:45:51 | DEBUG    | win_pos_manager:read_window_data:35 - {'height': 700, 'width': 600, 'x_position': 1874, 'y_position': 0}
26-03-31 10:45:51 | DEBUG    | mbs_node_manager:__init__:61 - Window position: x=1874, y=0, width=600, height=700
26-03-31 10:46:02 | DEBUG    | mbs_node_manager:closeEvent:165 - closeEvent
26-03-31 10:46:02 | DEBUG    | win_pos_manager:save_window_data:55 - Window size and position saved to .size_pos_MainWindow.yaml
26-03-31 10:46:04 | DEBUG    | win_pos_manager:read_window_data:34 - Window size and position loaded from .size_pos_MainWindow.yaml
26-03-31 10:46:04 | DEBUG    | win_pos_manager:read_window_data:35 - {'height': 927, 'width': 600, 'x_position': 1874, 'y_position': 0}
26-03-31 10:46:04 | DEBUG    | mbs_node_manager:__init__:61 - Window position: x=1874, y=0, width=600, height=927
26-03-31 10:46:11 | DEBUG    | mbs_node_manager:closeEvent:165 - closeEvent
26-03-31 10:46:11 | DEBUG    | win_pos_manager:save_window_data:55 - Window size and position saved to .size_pos_MainWindow.yaml
26-03-31 10:46:51 | DEBUG    | win_pos_manager:read_window_data:34 - Window size and position loaded from .size_pos_MainWindow.yaml
26-03-31 10:46:51 | DEBUG    | win_pos_manager:read_window_data:35 - {'height': 700, 'width': 600, 'x_position': 1874, 'y_position': 0}
26-03-31 10:46:51 | DEBUG    | mbs_node_manager:__init__:61 - Window position: x=1874, y=0, width=600, height=700
26-03-31 10:54:21 | DEBUG    | mbs_node_manager:closeEvent:165 - closeEvent
26-03-31 10:54:21 | DEBUG    | win_pos_manager:save_window_data:55 - Window size and position saved to .size_pos_MainWindow.yaml
26-03-31 10:54:22 | DEBUG    | win_pos_manager:read_window_data:34 - Window size and position loaded from .size_pos_MainWindow.yaml
26-03-31 10:54:22 | DEBUG    | win_pos_manager:read_window_data:35 - {'height': 700, 'width': 600, 'x_position': 1874, 'y_position': 0}
26-03-31 10:54:22 | DEBUG    | mbs_node_manager:__init__:61 - Window position: x=1874, y=0, width=600, height=700
26-03-31 10:54:24 | INFO     | mbs_node_manager:handler:114 - Opening x86l-132 dashboard...
26-03-31 10:57:18 | DEBUG    | mbs_node_manager:closeEvent:173 - closeEvent
26-03-31 10:57:18 | DEBUG    | win_pos_manager:save_window_data:55 - Window size and position saved to .size_pos_MainWindow.yaml
26-03-31 10:57:20 | DEBUG    | win_pos_manager:read_window_data:34 - Window size and position loaded from .size_pos_MainWindow.yaml
26-03-31 10:57:20 | DEBUG    | win_pos_manager:read_window_data:35 - {'height': 700, 'width': 600, 'x_position': 1874, 'y_position': 0}
26-03-31 10:57:20 | DEBUG    | mbs_node_manager:__init__:62 - Window position: x=1874, y=0, width=600, height=700
26-03-31 10:57:21 | INFO     | mbs_node_manager:handler:118 - External browser is disabled. Cannot open x86l-132 dashboard.
26-03-31 10:57:43 | INFO     | mbs_node_manager:handler:118 - External browser is disabled. Cannot open x86l-170 dashboard.
26-03-31 10:57:46 | DEBUG    | mbs_node_manager:closeEvent:178 - closeEvent
26-03-31 10:57:46 | DEBUG    | win_pos_manager:save_window_data:55 - Window size and position saved to .size_pos_MainWindow.yaml
26-03-31 10:58:02 | DEBUG    | win_pos_manager:read_window_data:34 - Window size and position loaded from .size_pos_MainWindow.yaml
26-03-31 10:58:02 | DEBUG    | win_pos_manager:read_window_data:35 - {'height': 700, 'width': 600, 'x_position': 1874, 'y_position': 0}
26-03-31 10:58:02 | DEBUG    | mbs_node_manager:__init__:62 - Window position: x=1874, y=0, width=600, height=700
26-03-31 10:58:04 | INFO     | menu_bar:toggle_external_browser:39 - External MBS Browser: Enabled
26-03-31 10:58:05 | INFO     | mbs_node_manager:handler:115 - Opening x86l-132 dashboard...
26-03-31 10:58:16 | INFO     | menu_bar:toggle_external_browser:39 - External MBS Browser: Disabled
26-03-31 10:58:17 | INFO     | mbs_node_manager:handler:118 - External browser is disabled. Cannot open x86l-132 dashboard.
26-03-31 10:58:21 | DEBUG    | mbs_node_manager:closeEvent:178 - closeEvent
26-03-31 10:58:21 | DEBUG    | win_pos_manager:save_window_data:55 - Window size and position saved to .size_pos_MainWindow.yaml
26-03-31 10:58:49 | DEBUG    | win_pos_manager:read_window_data:34 - Window size and position loaded from .size_pos_MainWindow.yaml
26-03-31 10:58:49 | DEBUG    | win_pos_manager:read_window_data:35 - {'height': 700, 'width': 600, 'x_position': 1874, 'y_position': 0}
26-03-31 10:58:49 | DEBUG    | mbs_node_manager:__init__:62 - Window position: x=1874, y=0, width=600, height=700
26-03-31 10:58:50 | INFO     | mbs_node_manager:handler:118 - External browser is disabled. Cannot open x86l-132 dashboard.
26-03-31 10:58:57 | INFO     | mbs_node_manager:handler:118 - External browser is disabled. Cannot open x86l-170 dashboard.
26-03-31 10:59:12 | INFO     | mbs_node_manager:handler:118 - External browser is disabled. Cannot open x86l-132 dashboard.
26-03-31 10:59:15 | INFO     | mbs_node_manager:handler:118 - External browser is disabled. Cannot open x86l-170 dashboard.
26-03-31 10:59:18 | INFO     | mbs_node_manager:handler:118 - External browser is disabled. Cannot open x86l-132 dashboard.
26-03-31 10:59:26 | INFO     | mbs_node_manager:handler:118 - External browser is disabled. Cannot open x86l-253 dashboard.
26-03-31 10:59:37 | DEBUG    | mbs_node_manager:closeEvent:178 - closeEvent
26-03-31 10:59:37 | DEBUG    | win_pos_manager:save_window_data:55 - Window size and position saved to .size_pos_MainWindow.yaml
26-03-31 11:00:33 | DEBUG    | win_pos_manager:read_window_data:34 - Window size and position loaded from .size_pos_MainWindow.yaml
26-03-31 11:00:33 | DEBUG    | win_pos_manager:read_window_data:35 - {'height': 700, 'width': 600, 'x_position': 1874, 'y_position': 0}
26-03-31 11:00:33 | DEBUG    | mbs_node_manager:__init__:62 - Window position: x=1874, y=0, width=600, height=700
26-03-31 11:00:35 | INFO     | mbs_node_manager:handler:118 - External browser is disabled. Cannot open x86l-132 dashboard.
26-03-31 11:00:37 | DEBUG    | mbs_node_manager:closeEvent:178 - closeEvent
26-03-31 11:00:37 | DEBUG    | win_pos_manager:save_window_data:55 - Window size and position saved to .size_pos_MainWindow.yaml
26-03-31 11:07:47 | DEBUG    | win_pos_manager:read_window_data:34 - Window size and position loaded from .size_pos_MainWindow.yaml
26-03-31 11:07:47 | DEBUG    | win_pos_manager:read_window_data:35 - {'height': 700, 'width': 600, 'x_position': 1874, 'y_position': 0}
26-03-31 11:07:47 | DEBUG    | mbs_node_manager:__init__:62 - Window position: x=1874, y=0, width=600, height=700
26-03-31 11:07:48 | INFO     | mbs_node_manager:handler:118 - External browser is disabled. Cannot open x86l-132 dashboard.
26-03-31 11:07:52 | INFO     | menu_bar:toggle_external_browser:39 - External MBS Browser: Enabled
26-03-31 11:07:53 | INFO     | mbs_node_manager:handler:115 - Opening x86l-132 dashboard...
26-03-31 11:12:47 | INFO     | mbs_node_manager:handler:115 - Opening x86l-132 dashboard...
26-03-31 11:12:48 | INFO     | mbs_node_manager:handler:115 - Opening x86l-170 dashboard...
26-03-31 11:13:06 | INFO     | menu_bar:toggle_external_browser:39 - External MBS Browser: Disabled
26-03-31 11:13:07 | INFO     | mbs_node_manager:handler:118 - External browser is disabled. Cannot open x86l-132 dashboard.
26-03-31 11:14:06 | INFO     | mbs_node_manager:handler:118 - External browser is disabled. Cannot open x86l-170 dashboard.
26-03-31 11:14:12 | INFO     | mbs_node_manager:handler:118 - External browser is disabled. Cannot open x86l-253 dashboard.
26-03-31 11:22:22 | INFO     | mbs_node_manager:handler:118 - External browser is disabled. Cannot open x86l-132 dashboard.
26-03-31 11:24:24 | INFO     | mbs_node_manager:handler:118 - External browser is disabled. Cannot open x86l-132 dashboard.
26-03-31 11:27:44 | INFO     | mbs_node_manager:handler:118 - External browser is disabled. Cannot open x86l-132 dashboard.
26-03-31 12:46:29 | DEBUG    | mbs_node_manager:closeEvent:178 - closeEvent
26-03-31 12:46:29 | DEBUG    | win_pos_manager:save_window_data:55 - Window size and position saved to .size_pos_MainWindow.yaml
26-03-31 12:48:04 | DEBUG    | win_pos_manager:read_window_data:34 - Window size and position loaded from .size_pos_MainWindow.yaml
26-03-31 12:48:04 | DEBUG    | win_pos_manager:read_window_data:35 - {'height': 700, 'width': 600, 'x_position': 1874, 'y_position': 0}
26-03-31 12:48:04 | DEBUG    | mbs_node_manager:__init__:62 - Window position: x=1874, y=0, width=600, height=700
26-03-31 12:48:05 | INFO     | mbs_node_manager:handler:118 - External browser is disabled. Cannot open x86l-132 dashboard.
26-03-31 12:48:10 | INFO     | menu_bar:toggle_external_browser:39 - External MBS Browser: Enabled
26-03-31 12:48:11 | INFO     | mbs_node_manager:handler:115 - Opening x86l-132 dashboard...
26-03-31 12:48:22 | INFO     | menu_bar:toggle_external_browser:39 - External MBS Browser: Disabled
26-03-31 12:48:23 | INFO     | mbs_node_manager:handler:118 - External browser is disabled. Cannot open x86l-132 dashboard.
26-03-31 12:49:24 | DEBUG    | mbs_node_manager:closeEvent:178 - closeEvent
26-03-31 12:49:24 | DEBUG    | win_pos_manager:save_window_data:55 - Window size and position saved to .size_pos_MainWindow.yaml
26-03-31 12:49:27 | DEBUG    | win_pos_manager:read_window_data:34 - Window size and position loaded from .size_pos_MainWindow.yaml
26-03-31 12:49:27 | DEBUG    | win_pos_manager:read_window_data:35 - {'height': 700, 'width': 600, 'x_position': 1874, 'y_position': 0}
26-03-31 12:49:27 | DEBUG    | mbs_node_manager:__init__:62 - Window position: x=1874, y=0, width=600, height=700
26-03-31 12:49:29 | DEBUG    | mbs_node_manager:closeEvent:178 - closeEvent
26-03-31 12:49:29 | DEBUG    | win_pos_manager:save_window_data:55 - Window size and position saved to .size_pos_MainWindow.yaml
26-03-31 12:49:34 | DEBUG    | win_pos_manager:read_window_data:34 - Window size and position loaded from .size_pos_MainWindow.yaml
26-03-31 12:49:34 | DEBUG    | win_pos_manager:read_window_data:35 - {'height': 700, 'width': 600, 'x_position': 1874, 'y_position': 0}
26-03-31 12:49:34 | DEBUG    | mbs_node_manager:__init__:62 - Window position: x=1874, y=0, width=600, height=700
26-03-31 12:49:45 | INFO     | mbs_node_manager:handler:118 - External browser is disabled. Cannot open x86l-132 dashboard.
26-03-31 12:49:45 | INFO     | mbs_browser:open_browser:43 - Opening MBS Browser instance #1 with URL: http://x86l-132:8899/MBS/localhost/ControlGUI/
26-03-31 12:49:52 | INFO     | mbs_node_manager:handler:118 - External browser is disabled. Cannot open x86l-132 dashboard.
26-03-31 12:49:52 | INFO     | mbs_browser:open_browser:43 - Opening MBS Browser instance #1 with URL: http://x86l-132:8899/MBS/localhost/ControlGUI/
26-03-31 12:49:55 | INFO     | mbs_node_manager:handler:118 - External browser is disabled. Cannot open x86l-170 dashboard.
26-03-31 12:49:55 | INFO     | mbs_browser:open_browser:43 - Opening MBS Browser instance #1 with URL: http://x86l-170:8899/MBS/localhost/ControlGUI/
26-03-31 12:49:59 | INFO     | mbs_node_manager:handler:118 - External browser is disabled. Cannot open x86l-253 dashboard.
26-03-31 12:49:59 | INFO     | mbs_browser:open_browser:43 - Opening MBS Browser instance #1 with URL: http://x86l-253:8899/MBS/localhost/ControlGUI/
26-03-31 12:50:07 | DEBUG    | mbs_node_manager:closeEvent:178 - closeEvent
26-03-31 12:50:07 | DEBUG    | win_pos_manager:save_window_data:55 - Window size and position saved to .size_pos_MainWindow.yaml
26-03-31 12:51:20 | DEBUG    | win_pos_manager:read_window_data:34 - Window size and position loaded from .size_pos_MainWindow.yaml
26-03-31 12:51:20 | DEBUG    | win_pos_manager:read_window_data:35 - {'height': 700, 'width': 600, 'x_position': 1874, 'y_position': 0}
26-03-31 12:51:20 | DEBUG    | mbs_node_manager:__init__:62 - Window position: x=1874, y=0, width=600, height=700
26-03-31 12:51:24 | DEBUG    | mbs_node_manager:closeEvent:178 - closeEvent
26-03-31 12:51:24 | DEBUG    | win_pos_manager:save_window_data:55 - Window size and position saved to .size_pos_MainWindow.yaml
26-03-31 12:51:49 | DEBUG    | win_pos_manager:read_window_data:34 - Window size and position loaded from .size_pos_MainWindow.yaml
26-03-31 12:51:49 | DEBUG    | win_pos_manager:read_window_data:35 - {'height': 700, 'width': 600, 'x_position': 1874, 'y_position': 0}
26-03-31 12:51:49 | DEBUG    | mbs_node_manager:__init__:62 - Window position: x=1874, y=0, width=600, height=700
26-03-31 12:51:52 | DEBUG    | mbs_node_manager:closeEvent:178 - closeEvent
26-03-31 12:51:52 | DEBUG    | win_pos_manager:save_window_data:55 - Window size and position saved to .size_pos_MainWindow.yaml
26-03-31 12:52:24 | DEBUG    | win_pos_manager:read_window_data:34 - Window size and position loaded from .size_pos_MainWindow.yaml
26-03-31 12:52:24 | DEBUG    | win_pos_manager:read_window_data:35 - {'height': 700, 'width': 600, 'x_position': 1874, 'y_position': 0}
26-03-31 12:52:24 | DEBUG    | mbs_node_manager:__init__:62 - Window position: x=1874, y=0, width=600, height=700
26-03-31 12:52:32 | DEBUG    | mbs_node_manager:closeEvent:178 - closeEvent
26-03-31 12:52:32 | DEBUG    | win_pos_manager:save_window_data:55 - Window size and position saved to .size_pos_MainWindow.yaml
26-03-31 12:52:48 | DEBUG    | win_pos_manager:read_window_data:34 - Window size and position loaded from .size_pos_MainWindow.yaml
26-03-31 12:52:48 | DEBUG    | win_pos_manager:read_window_data:35 - {'height': 700, 'width': 600, 'x_position': 1874, 'y_position': 0}
26-03-31 12:52:48 | DEBUG    | mbs_node_manager:__init__:62 - Window position: x=1874, y=0, width=600, height=700
26-03-31 12:52:53 | DEBUG    | mbs_node_manager:closeEvent:178 - closeEvent
26-03-31 12:52:53 | DEBUG    | win_pos_manager:save_window_data:55 - Window size and position saved to .size_pos_MainWindow.yaml
26-03-31 12:53:25 | DEBUG    | win_pos_manager:read_window_data:34 - Window size and position loaded from .size_pos_MainWindow.yaml
26-03-31 12:53:25 | DEBUG    | win_pos_manager:read_window_data:35 - {'height': 700, 'width': 600, 'x_position': 1874, 'y_position': 0}
26-03-31 12:53:25 | DEBUG    | mbs_node_manager:__init__:62 - Window position: x=1874, y=0, width=600, height=700
26-03-31 12:53:29 | DEBUG    | mbs_node_manager:closeEvent:178 - closeEvent
26-03-31 12:53:29 | DEBUG    | win_pos_manager:save_window_data:55 - Window size and position saved to .size_pos_MainWindow.yaml
26-03-31 13:05:42 | INFO     | mbs_browser:__init__:33 - Opening MBS Browser instance #1 with URL: http://<built-in function link>:8899/MBS/localhost/ControlGUI/
26-03-31 13:05:42 | INFO     | mbs_browser:__init__:33 - Opening MBS Browser instance #2 with URL: http://<built-in function link>:8899/MBS/localhost/ControlGUI/
26-03-31 13:05:42 | INFO     | mbs_browser:__init__:33 - Opening MBS Browser instance #3 with URL: http://<built-in function link>:8899/MBS/localhost/ControlGUI/
26-03-31 13:05:42 | DEBUG    | win_pos_manager:read_window_data:34 - Window size and position loaded from .size_pos_MainWindow.yaml
26-03-31 13:05:42 | DEBUG    | win_pos_manager:read_window_data:35 - {'height': 700, 'width': 600, 'x_position': 1874, 'y_position': 0}
26-03-31 13:05:42 | DEBUG    | mbs_node_manager:__init__:64 - Window position: x=1874, y=0, width=600, height=700
26-03-31 13:05:52 | INFO     | mbs_node_manager:handler:122 - External browser is disabled. Cannot open x86l-132 dashboard.
26-03-31 13:05:52 | INFO     | mbs_browser:__init__:33 - Opening MBS Browser instance #4 with URL: http://x86l-132:8899/MBS/localhost/ControlGUI/
26-03-31 13:05:56 | INFO     | mbs_node_manager:handler:122 - External browser is disabled. Cannot open x86l-170 dashboard.
26-03-31 13:05:56 | INFO     | mbs_browser:__init__:33 - Opening MBS Browser instance #5 with URL: http://x86l-170:8899/MBS/localhost/ControlGUI/
26-03-31 13:06:03 | INFO     | mbs_node_manager:handler:122 - External browser is disabled. Cannot open x86l-253 dashboard.
26-03-31 13:06:03 | INFO     | mbs_browser:__init__:33 - Opening MBS Browser instance #6 with URL: http://x86l-253:8899/MBS/localhost/ControlGUI/
26-03-31 13:06:15 | INFO     | mbs_node_manager:handler:122 - External browser is disabled. Cannot open x86l-132 dashboard.
26-03-31 13:06:15 | INFO     | mbs_browser:__init__:33 - Opening MBS Browser instance #7 with URL: http://x86l-132:8899/MBS/localhost/ControlGUI/
26-03-31 13:06:19 | INFO     | mbs_node_manager:handler:122 - External browser is disabled. Cannot open x86l-132 dashboard.
26-03-31 13:06:19 | INFO     | mbs_browser:__init__:33 - Opening MBS Browser instance #8 with URL: http://x86l-132:8899/MBS/localhost/ControlGUI/
26-03-31 13:06:22 | DEBUG    | mbs_node_manager:closeEvent:182 - closeEvent
26-03-31 13:06:22 | DEBUG    | win_pos_manager:save_window_data:55 - Window size and position saved to .size_pos_MainWindow.yaml
26-03-31 13:07:31 | INFO     | mbs_browser:__init__:30 - Opening MBS Browser instance #1 with URL: http://<built-in function link>:8899/MBS/localhost/ControlGUI/
26-03-31 13:07:31 | INFO     | mbs_browser:__init__:30 - Opening MBS Browser instance #2 with URL: http://<built-in function link>:8899/MBS/localhost/ControlGUI/
26-03-31 13:07:31 | INFO     | mbs_browser:__init__:30 - Opening MBS Browser instance #3 with URL: http://<built-in function link>:8899/MBS/localhost/ControlGUI/
26-03-31 13:07:31 | DEBUG    | win_pos_manager:read_window_data:34 - Window size and position loaded from .size_pos_MainWindow.yaml
26-03-31 13:07:31 | DEBUG    | win_pos_manager:read_window_data:35 - {'height': 700, 'width': 600, 'x_position': 1874, 'y_position': 0}
26-03-31 13:07:31 | DEBUG    | mbs_node_manager:__init__:64 - Window position: x=1874, y=0, width=600, height=700
26-03-31 13:07:32 | INFO     | mbs_node_manager:handler:122 - External browser is disabled. Cannot open x86l-132 dashboard.
26-03-31 13:07:32 | INFO     | mbs_browser:__init__:30 - Opening MBS Browser instance #4 with URL: http://x86l-132:8899/MBS/localhost/ControlGUI/
26-03-31 13:07:34 | INFO     | mbs_node_manager:handler:122 - External browser is disabled. Cannot open x86l-132 dashboard.
26-03-31 13:07:34 | INFO     | mbs_browser:__init__:30 - Opening MBS Browser instance #5 with URL: http://x86l-132:8899/MBS/localhost/ControlGUI/
26-03-31 13:07:36 | INFO     | mbs_node_manager:handler:122 - External browser is disabled. Cannot open x86l-170 dashboard.
26-03-31 13:07:36 | INFO     | mbs_browser:__init__:30 - Opening MBS Browser instance #6 with URL: http://x86l-170:8899/MBS/localhost/ControlGUI/
26-03-31 13:07:46 | INFO     | mbs_node_manager:handler:122 - External browser is disabled. Cannot open x86l-170 dashboard.
26-03-31 13:07:46 | INFO     | mbs_browser:__init__:30 - Opening MBS Browser instance #7 with URL: http://x86l-170:8899/MBS/localhost/ControlGUI/
26-03-31 13:07:48 | DEBUG    | mbs_node_manager:closeEvent:182 - closeEvent
26-03-31 13:07:48 | DEBUG    | win_pos_manager:save_window_data:55 - Window size and position saved to .size_pos_MainWindow.yaml
26-03-31 13:07:55 | INFO     | mbs_browser:__init__:30 - Opening MBS Browser instance #1 with URL: http://<built-in function link>:8899/MBS/localhost/ControlGUI/
26-03-31 13:07:55 | INFO     | mbs_browser:__init__:30 - Opening MBS Browser instance #2 with URL: http://<built-in function link>:8899/MBS/localhost/ControlGUI/
26-03-31 13:07:55 | INFO     | mbs_browser:__init__:30 - Opening MBS Browser instance #3 with URL: http://<built-in function link>:8899/MBS/localhost/ControlGUI/
26-03-31 13:07:55 | DEBUG    | win_pos_manager:read_window_data:34 - Window size and position loaded from .size_pos_MainWindow.yaml
26-03-31 13:07:55 | DEBUG    | win_pos_manager:read_window_data:35 - {'height': 700, 'width': 600, 'x_position': 1874, 'y_position': 0}
26-03-31 13:07:55 | DEBUG    | mbs_node_manager:__init__:64 - Window position: x=1874, y=0, width=600, height=700
26-03-31 13:07:57 | INFO     | mbs_node_manager:handler:122 - External browser is disabled. Cannot open x86l-132 dashboard.
26-03-31 13:07:57 | INFO     | mbs_browser:__init__:30 - Opening MBS Browser instance #4 with URL: http://x86l-132:8899/MBS/localhost/ControlGUI/
26-03-31 13:07:59 | INFO     | mbs_node_manager:handler:122 - External browser is disabled. Cannot open x86l-132 dashboard.
26-03-31 13:07:59 | INFO     | mbs_browser:__init__:30 - Opening MBS Browser instance #5 with URL: http://x86l-132:8899/MBS/localhost/ControlGUI/
26-03-31 13:08:01 | INFO     | mbs_node_manager:handler:122 - External browser is disabled. Cannot open x86l-132 dashboard.
26-03-31 13:08:01 | INFO     | mbs_browser:__init__:30 - Opening MBS Browser instance #6 with URL: http://x86l-132:8899/MBS/localhost/ControlGUI/
26-03-31 13:08:04 | DEBUG    | mbs_node_manager:closeEvent:182 - closeEvent
26-03-31 13:08:04 | DEBUG    | win_pos_manager:save_window_data:55 - Window size and position saved to .size_pos_MainWindow.yaml
26-03-31 13:09:55 | INFO     | mbs_browser:__init__:30 - Opening MBS Browser instance #1 with URL: http://<built-in function link>:8899/MBS/localhost/ControlGUI/
26-03-31 13:09:55 | INFO     | mbs_browser:__init__:30 - Opening MBS Browser instance #2 with URL: http://<built-in function link>:8899/MBS/localhost/ControlGUI/
26-03-31 13:09:55 | INFO     | mbs_browser:__init__:30 - Opening MBS Browser instance #3 with URL: http://<built-in function link>:8899/MBS/localhost/ControlGUI/
26-03-31 13:09:55 | DEBUG    | win_pos_manager:read_window_data:34 - Window size and position loaded from .size_pos_MainWindow.yaml
26-03-31 13:09:55 | DEBUG    | win_pos_manager:read_window_data:35 - {'height': 700, 'width': 600, 'x_position': 1874, 'y_position': 0}
26-03-31 13:09:55 | DEBUG    | mbs_node_manager:__init__:64 - Window position: x=1874, y=0, width=600, height=700
26-03-31 13:09:57 | INFO     | mbs_node_manager:handler:122 - External browser is disabled. Cannot open x86l-132 dashboard.
26-03-31 13:09:57 | INFO     | mbs_browser:__init__:30 - Opening MBS Browser instance #4 with URL: http://x86l-132:8899/MBS/localhost/ControlGUI/
26-03-31 13:10:00 | DEBUG    | mbs_node_manager:closeEvent:182 - closeEvent
26-03-31 13:10:00 | DEBUG    | win_pos_manager:save_window_data:55 - Window size and position saved to .size_pos_MainWindow.yaml
26-03-31 13:17:27 | INFO     | mbs_browser:__init__:30 - Opening MBS Browser instance #1 with URL: http://x86l-132:8899/MBS/localhost/ControlGUI/
26-03-31 13:17:27 | INFO     | mbs_browser:__init__:30 - Opening MBS Browser instance #2 with URL: http://x86l-170:8899/MBS/localhost/ControlGUI/
26-03-31 13:17:27 | INFO     | mbs_browser:__init__:30 - Opening MBS Browser instance #3 with URL: http://x86l-253:8899/MBS/localhost/ControlGUI/
26-03-31 13:17:27 | DEBUG    | win_pos_manager:read_window_data:34 - Window size and position loaded from .size_pos_MainWindow.yaml
26-03-31 13:17:27 | DEBUG    | win_pos_manager:read_window_data:35 - {'height': 700, 'width': 600, 'x_position': 1874, 'y_position': 0}
26-03-31 13:17:27 | DEBUG    | mbs_node_manager:__init__:121 - Window position: x=1874, y=0, width=600, height=700
26-03-31 13:17:58 | DEBUG    | mbs_node_manager:closeEvent:238 - closeEvent
26-03-31 13:17:58 | DEBUG    | win_pos_manager:save_window_data:55 - Window size and position saved to .size_pos_MainWindow.yaml
26-03-31 13:18:22 | INFO     | mbs_browser:__init__:30 - Opening MBS Browser instance #1 with URL: http://x86l-132:8899/MBS/localhost/ControlGUI/
26-03-31 13:18:22 | INFO     | mbs_browser:__init__:30 - Opening MBS Browser instance #2 with URL: http://x86l-170:8899/MBS/localhost/ControlGUI/
26-03-31 13:18:22 | INFO     | mbs_browser:__init__:30 - Opening MBS Browser instance #3 with URL: http://x86l-253:8899/MBS/localhost/ControlGUI/
26-03-31 13:18:22 | DEBUG    | win_pos_manager:read_window_data:34 - Window size and position loaded from .size_pos_MainWindow.yaml
26-03-31 13:18:22 | DEBUG    | win_pos_manager:read_window_data:35 - {'height': 700, 'width': 600, 'x_position': 1874, 'y_position': 0}
26-03-31 13:18:22 | DEBUG    | mbs_node_manager:__init__:121 - Window position: x=1874, y=0, width=600, height=700
26-03-31 13:18:25 | DEBUG    | mbs_node_manager:closeEvent:238 - closeEvent
26-03-31 13:18:25 | DEBUG    | win_pos_manager:save_window_data:55 - Window size and position saved to .size_pos_MainWindow.yaml
26-03-31 13:18:40 | INFO     | mbs_browser:__init__:30 - Opening MBS Browser instance #1 with URL: http://x86l-132:8899/MBS/localhost/ControlGUI/
26-03-31 13:18:40 | INFO     | mbs_browser:__init__:30 - Opening MBS Browser instance #2 with URL: http://x86l-170:8899/MBS/localhost/ControlGUI/
26-03-31 13:18:40 | INFO     | mbs_browser:__init__:30 - Opening MBS Browser instance #3 with URL: http://x86l-253:8899/MBS/localhost/ControlGUI/
26-03-31 13:18:40 | DEBUG    | win_pos_manager:read_window_data:34 - Window size and position loaded from .size_pos_MainWindow.yaml
26-03-31 13:18:40 | DEBUG    | win_pos_manager:read_window_data:35 - {'height': 700, 'width': 600, 'x_position': 1874, 'y_position': 0}
26-03-31 13:18:40 | DEBUG    | mbs_node_manager:__init__:121 - Window position: x=1874, y=0, width=600, height=700
26-03-31 13:18:45 | DEBUG    | mbs_node_manager:closeEvent:238 - closeEvent
26-03-31 13:18:45 | DEBUG    | win_pos_manager:save_window_data:55 - Window size and position saved to .size_pos_MainWindow.yaml
26-03-31 13:18:46 | INFO     | mbs_browser:__init__:30 - Opening MBS Browser instance #1 with URL: http://x86l-132:8899/MBS/localhost/ControlGUI/
26-03-31 13:18:46 | INFO     | mbs_browser:__init__:30 - Opening MBS Browser instance #2 with URL: http://x86l-170:8899/MBS/localhost/ControlGUI/
26-03-31 13:18:46 | INFO     | mbs_browser:__init__:30 - Opening MBS Browser instance #3 with URL: http://x86l-253:8899/MBS/localhost/ControlGUI/
26-03-31 13:18:46 | DEBUG    | win_pos_manager:read_window_data:34 - Window size and position loaded from .size_pos_MainWindow.yaml
26-03-31 13:18:46 | DEBUG    | win_pos_manager:read_window_data:35 - {'height': 246, 'width': 600, 'x_position': 1874, 'y_position': 0}
26-03-31 13:18:46 | DEBUG    | mbs_node_manager:__init__:121 - Window position: x=1874, y=0, width=600, height=246
26-03-31 13:18:48 | DEBUG    | mbs_node_manager:closeEvent:238 - closeEvent
26-03-31 13:18:48 | DEBUG    | win_pos_manager:save_window_data:55 - Window size and position saved to .size_pos_MainWindow.yaml
26-03-31 13:19:57 | INFO     | mbs_browser:__init__:30 - Opening MBS Browser instance #1 with URL: http://x86l-132:8899/MBS/localhost/ControlGUI/
26-03-31 13:19:57 | INFO     | mbs_browser:__init__:30 - Opening MBS Browser instance #2 with URL: http://x86l-170:8899/MBS/localhost/ControlGUI/
26-03-31 13:19:57 | INFO     | mbs_browser:__init__:30 - Opening MBS Browser instance #3 with URL: http://x86l-253:8899/MBS/localhost/ControlGUI/
26-03-31 13:19:57 | DEBUG    | win_pos_manager:read_window_data:34 - Window size and position loaded from .size_pos_MainWindow.yaml
26-03-31 13:19:57 | DEBUG    | win_pos_manager:read_window_data:35 - {'height': 700, 'width': 600, 'x_position': 1874, 'y_position': 0}
26-03-31 13:19:57 | DEBUG    | mbs_node_manager:__init__:100 - Window position: x=1874, y=0, width=600, height=700
26-03-31 13:20:02 | DEBUG    | mbs_node_manager:closeEvent:217 - closeEvent
26-03-31 13:20:02 | DEBUG    | win_pos_manager:save_window_data:55 - Window size and position saved to .size_pos_MainWindow.yaml
26-03-31 13:20:06 | INFO     | mbs_browser:__init__:30 - Opening MBS Browser instance #1 with URL: http://x86l-132:8899/MBS/localhost/ControlGUI/
26-03-31 13:20:06 | INFO     | mbs_browser:__init__:30 - Opening MBS Browser instance #2 with URL: http://x86l-170:8899/MBS/localhost/ControlGUI/
26-03-31 13:20:06 | INFO     | mbs_browser:__init__:30 - Opening MBS Browser instance #3 with URL: http://x86l-253:8899/MBS/localhost/ControlGUI/
26-03-31 13:20:06 | DEBUG    | win_pos_manager:read_window_data:34 - Window size and position loaded from .size_pos_MainWindow.yaml
26-03-31 13:20:06 | DEBUG    | win_pos_manager:read_window_data:35 - {'height': 700, 'width': 600, 'x_position': 1874, 'y_position': 0}
26-03-31 13:20:06 | DEBUG    | mbs_node_manager:__init__:100 - Window position: x=1874, y=0, width=600, height=700
26-03-31 13:20:17 | DEBUG    | mbs_node_manager:closeEvent:217 - closeEvent
26-03-31 13:20:17 | DEBUG    | win_pos_manager:save_window_data:55 - Window size and position saved to .size_pos_MainWindow.yaml
26-03-31 13:21:14 | INFO     | mbs_browser:__init__:30 - Opening MBS Browser instance #1 with URL: http://x86l-132:8899/MBS/localhost/ControlGUI/
26-03-31 13:22:42 | INFO     | mbs_browser:__init__:30 - Opening MBS Browser instance #1 with URL: http://x86l-132:8899/MBS/localhost/ControlGUI/
26-03-31 13:22:46 | INFO     | mbs_browser:__init__:30 - Opening MBS Browser instance #1 with URL: http://x86l-132:8899/MBS/localhost/ControlGUI/
26-03-31 13:22:57 | INFO     | mbs_browser:__init__:30 - Opening MBS Browser instance #1 with URL: http://x86l-132:8899/MBS/localhost/ControlGUI/
26-03-31 13:25:57 | INFO     | mbs_browser:__init__:30 - Opening MBS Browser instance #1 with URL: http://x86l-132:8899/MBS/localhost/ControlGUI/
26-03-31 13:25:57 | INFO     | mbs_browser:__init__:30 - Opening MBS Browser instance #2 with URL: http://x86l-170:8899/MBS/localhost/ControlGUI/
26-03-31 13:25:57 | INFO     | mbs_browser:__init__:30 - Opening MBS Browser instance #3 with URL: http://x86l-253:8899/MBS/localhost/ControlGUI/
26-03-31 13:25:57 | DEBUG    | win_pos_manager:read_window_data:34 - Window size and position loaded from .size_pos_MainWindow.yaml
26-03-31 13:25:57 | DEBUG    | win_pos_manager:read_window_data:35 - {'height': 700, 'width': 600, 'x_position': 1874, 'y_position': 0}
26-03-31 13:25:57 | DEBUG    | mbs_node_manager:__init__:104 - Window position: x=1874, y=0, width=600, height=700
26-03-31 13:26:16 | DEBUG    | mbs_node_manager:closeEvent:194 - closeEvent
26-03-31 13:26:16 | DEBUG    | win_pos_manager:save_window_data:55 - Window size and position saved to .size_pos_MainWindow.yaml
26-03-31 13:26:27 | INFO     | mbs_browser:__init__:30 - Opening MBS Browser instance #1 with URL: http://x86l-132:8899/MBS/localhost/ControlGUI/
26-03-31 13:26:27 | INFO     | mbs_browser:__init__:30 - Opening MBS Browser instance #2 with URL: http://x86l-170:8899/MBS/localhost/ControlGUI/
26-03-31 13:26:27 | INFO     | mbs_browser:__init__:30 - Opening MBS Browser instance #3 with URL: http://x86l-253:8899/MBS/localhost/ControlGUI/
26-03-31 13:26:27 | DEBUG    | win_pos_manager:read_window_data:34 - Window size and position loaded from .size_pos_MainWindow.yaml
26-03-31 13:26:27 | DEBUG    | win_pos_manager:read_window_data:35 - {'height': 700, 'width': 600, 'x_position': 1874, 'y_position': 0}
26-03-31 13:26:27 | DEBUG    | mbs_node_manager:__init__:104 - Window position: x=1874, y=0, width=600, height=700
26-03-31 13:26:30 | DEBUG    | mbs_node_manager:closeEvent:194 - closeEvent
26-03-31 13:26:30 | DEBUG    | win_pos_manager:save_window_data:55 - Window size and position saved to .size_pos_MainWindow.yaml
26-03-31 13:26:56 | INFO     | mbs_browser:__init__:30 - Opening MBS Browser instance #1 with URL: http://x86l-132:8899/MBS/localhost/ControlGUI/
26-03-31 13:26:56 | INFO     | mbs_browser:__init__:30 - Opening MBS Browser instance #2 with URL: http://x86l-170:8899/MBS/localhost/ControlGUI/
26-03-31 13:26:56 | INFO     | mbs_browser:__init__:30 - Opening MBS Browser instance #3 with URL: http://x86l-253:8899/MBS/localhost/ControlGUI/
26-03-31 13:26:56 | DEBUG    | win_pos_manager:read_window_data:34 - Window size and position loaded from .size_pos_MainWindow.yaml
26-03-31 13:26:56 | DEBUG    | win_pos_manager:read_window_data:35 - {'height': 700, 'width': 600, 'x_position': 1874, 'y_position': 0}
26-03-31 13:26:56 | DEBUG    | mbs_node_manager:__init__:107 - Window position: x=1874, y=0, width=600, height=700
26-03-31 13:26:58 | DEBUG    | mbs_node_manager:closeEvent:197 - closeEvent
26-03-31 13:26:58 | DEBUG    | win_pos_manager:save_window_data:55 - Window size and position saved to .size_pos_MainWindow.yaml
26-03-31 13:27:35 | INFO     | mbs_browser:__init__:30 - Opening MBS Browser instance #1 with URL: http://x86l-132:8899/MBS/localhost/ControlGUI/
26-03-31 13:27:35 | INFO     | mbs_browser:__init__:30 - Opening MBS Browser instance #2 with URL: http://x86l-170:8899/MBS/localhost/ControlGUI/
26-03-31 13:27:35 | INFO     | mbs_browser:__init__:30 - Opening MBS Browser instance #3 with URL: http://x86l-253:8899/MBS/localhost/ControlGUI/
26-03-31 13:27:35 | DEBUG    | win_pos_manager:read_window_data:34 - Window size and position loaded from .size_pos_MainWindow.yaml
26-03-31 13:27:35 | DEBUG    | win_pos_manager:read_window_data:35 - {'height': 700, 'width': 600, 'x_position': 1874, 'y_position': 0}
26-03-31 13:27:35 | DEBUG    | mbs_node_manager:__init__:107 - Window position: x=1874, y=0, width=600, height=700
26-03-31 13:27:37 | DEBUG    | mbs_node_manager:closeEvent:197 - closeEvent
26-03-31 13:27:37 | DEBUG    | win_pos_manager:save_window_data:55 - Window size and position saved to .size_pos_MainWindow.yaml
26-03-31 13:28:43 | INFO     | mbs_browser:__init__:30 - Opening MBS Browser instance #1 with URL: http://x86l-132:8899/MBS/localhost/ControlGUI/
26-03-31 13:28:43 | INFO     | mbs_browser:__init__:30 - Opening MBS Browser instance #2 with URL: http://x86l-170:8899/MBS/localhost/ControlGUI/
26-03-31 13:28:43 | INFO     | mbs_browser:__init__:30 - Opening MBS Browser instance #3 with URL: http://x86l-253:8899/MBS/localhost/ControlGUI/
26-03-31 13:28:43 | DEBUG    | win_pos_manager:read_window_data:34 - Window size and position loaded from .size_pos_MainWindow.yaml
26-03-31 13:28:43 | DEBUG    | win_pos_manager:read_window_data:35 - {'height': 700, 'width': 600, 'x_position': 1874, 'y_position': 0}
26-03-31 13:28:43 | DEBUG    | mbs_node_manager:__init__:108 - Window position: x=1874, y=0, width=600, height=700
26-03-31 13:28:53 | DEBUG    | mbs_node_manager:closeEvent:198 - closeEvent
26-03-31 13:28:53 | DEBUG    | win_pos_manager:save_window_data:55 - Window size and position saved to .size_pos_MainWindow.yaml
26-03-31 13:29:51 | INFO     | mbs_browser:__init__:30 - Opening MBS Browser instance #1 with URL: http://x86l-132:8899/MBS/localhost/ControlGUI/
26-03-31 13:29:51 | INFO     | mbs_browser:__init__:30 - Opening MBS Browser instance #2 with URL: http://x86l-170:8899/MBS/localhost/ControlGUI/
26-03-31 13:29:51 | INFO     | mbs_browser:__init__:30 - Opening MBS Browser instance #3 with URL: http://x86l-253:8899/MBS/localhost/ControlGUI/
26-03-31 13:29:51 | DEBUG    | win_pos_manager:read_window_data:39 - No saved window data found in .size_pos_MainWindow.yaml
26-03-31 13:29:54 | DEBUG    | mbs_node_manager:closeEvent:198 - closeEvent
26-03-31 13:29:54 | DEBUG    | win_pos_manager:save_window_data:55 - Window size and position saved to .size_pos_MainWindow.yaml
26-03-31 13:29:56 | INFO     | mbs_browser:__init__:30 - Opening MBS Browser instance #1 with URL: http://x86l-132:8899/MBS/localhost/ControlGUI/
26-03-31 13:29:56 | INFO     | mbs_browser:__init__:30 - Opening MBS Browser instance #2 with URL: http://x86l-170:8899/MBS/localhost/ControlGUI/
26-03-31 13:29:56 | INFO     | mbs_browser:__init__:30 - Opening MBS Browser instance #3 with URL: http://x86l-253:8899/MBS/localhost/ControlGUI/
26-03-31 13:29:56 | DEBUG    | win_pos_manager:read_window_data:34 - Window size and position loaded from .size_pos_MainWindow.yaml
26-03-31 13:29:56 | DEBUG    | win_pos_manager:read_window_data:35 - {'height': 700, 'width': 612, 'x_position': 1690, 'y_position': 0}
26-03-31 13:29:56 | DEBUG    | mbs_node_manager:__init__:108 - Window position: x=1690, y=0, width=612, height=700
26-03-31 13:30:00 | DEBUG    | mbs_node_manager:closeEvent:198 - closeEvent
26-03-31 13:30:00 | DEBUG    | win_pos_manager:save_window_data:55 - Window size and position saved to .size_pos_MainWindow.yaml
26-03-31 13:30:03 | INFO     | mbs_browser:__init__:30 - Opening MBS Browser instance #1 with URL: http://x86l-132:8899/MBS/localhost/ControlGUI/
26-03-31 13:30:03 | INFO     | mbs_browser:__init__:30 - Opening MBS Browser instance #2 with URL: http://x86l-170:8899/MBS/localhost/ControlGUI/
26-03-31 13:30:03 | INFO     | mbs_browser:__init__:30 - Opening MBS Browser instance #3 with URL: http://x86l-253:8899/MBS/localhost/ControlGUI/
26-03-31 13:30:03 | DEBUG    | win_pos_manager:read_window_data:34 - Window size and position loaded from .size_pos_MainWindow.yaml
26-03-31 13:30:03 | DEBUG    | win_pos_manager:read_window_data:35 - {'height': 700, 'width': 600, 'x_position': 1916, 'y_position': 0}
26-03-31 13:30:03 | DEBUG    | mbs_node_manager:__init__:108 - Window position: x=1916, y=0, width=600, height=700
26-03-31 13:30:05 | DEBUG    | mbs_node_manager:closeEvent:198 - closeEvent
26-03-31 13:30:05 | DEBUG    | win_pos_manager:save_window_data:55 - Window size and position saved to .size_pos_MainWindow.yaml
26-03-31 13:30:47 | INFO     | mbs_browser:__init__:30 - Opening MBS Browser instance #1 with URL: http://x86l-132:8899/MBS/localhost/ControlGUI/
26-03-31 13:30:47 | INFO     | mbs_browser:__init__:30 - Opening MBS Browser instance #2 with URL: http://x86l-170:8899/MBS/localhost/ControlGUI/
26-03-31 13:30:47 | INFO     | mbs_browser:__init__:30 - Opening MBS Browser instance #3 with URL: http://x86l-253:8899/MBS/localhost/ControlGUI/
26-03-31 13:30:47 | DEBUG    | win_pos_manager:read_window_data:34 - Window size and position loaded from .size_pos_MainWindow.yaml
26-03-31 13:30:47 | DEBUG    | win_pos_manager:read_window_data:35 - {'height': 700, 'width': 600, 'x_position': 1916, 'y_position': 0}
26-03-31 13:30:47 | DEBUG    | mbs_node_manager:__init__:108 - Window position: x=1916, y=0, width=600, height=700
26-03-31 13:30:50 | DEBUG    | mbs_node_manager:closeEvent:198 - closeEvent
26-03-31 13:30:50 | DEBUG    | win_pos_manager:save_window_data:55 - Window size and position saved to .size_pos_MainWindow.yaml
26-03-31 13:31:09 | INFO     | mbs_browser:__init__:30 - Opening MBS Browser instance #1 with URL: http://x86l-132:8899/MBS/localhost/ControlGUI/
26-03-31 13:31:09 | INFO     | mbs_browser:__init__:30 - Opening MBS Browser instance #2 with URL: http://x86l-170:8899/MBS/localhost/ControlGUI/
26-03-31 13:31:09 | INFO     | mbs_browser:__init__:30 - Opening MBS Browser instance #3 with URL: http://x86l-253:8899/MBS/localhost/ControlGUI/
26-03-31 13:31:09 | DEBUG    | win_pos_manager:read_window_data:34 - Window size and position loaded from .size_pos_MainWindow.yaml
26-03-31 13:31:09 | DEBUG    | win_pos_manager:read_window_data:35 - {'height': 700, 'width': 600, 'x_position': 1916, 'y_position': 0}
26-03-31 13:31:09 | DEBUG    | mbs_node_manager:__init__:108 - Window position: x=1916, y=0, width=600, height=700
26-03-31 13:31:13 | INFO     | menu_bar:toggle_external_browser:45 - External MBS Browser: Enabled
26-03-31 13:31:28 | DEBUG    | mbs_node_manager:closeEvent:198 - closeEvent
26-03-31 13:31:28 | DEBUG    | win_pos_manager:save_window_data:55 - Window size and position saved to .size_pos_MainWindow.yaml
26-03-31 13:33:21 | INFO     | mbs_browser:__init__:30 - Opening MBS Browser instance #1 with URL: http://x86l-132:8899/MBS/localhost/ControlGUI/
26-03-31 13:34:00 | INFO     | mbs_browser:__init__:30 - Opening MBS Browser instance #1 with URL: http://x86l-132:8899/MBS/localhost/ControlGUI/
26-03-31 13:35:45 | INFO     | mbs_browser:__init__:30 - Opening MBS Browser instance #1 with URL: http://x86l-132:8899/MBS/localhost/ControlGUI/
26-03-31 13:35:45 | INFO     | mbs_browser:__init__:30 - Opening MBS Browser instance #2 with URL: http://x86l-170:8899/MBS/localhost/ControlGUI/
26-03-31 13:35:45 | INFO     | mbs_browser:__init__:30 - Opening MBS Browser instance #3 with URL: http://x86l-253:8899/MBS/localhost/ControlGUI/
26-03-31 13:35:45 | DEBUG    | win_pos_manager:read_window_data:34 - Window size and position loaded from .size_pos_MainWindow.yaml
26-03-31 13:35:45 | DEBUG    | win_pos_manager:read_window_data:35 - {'height': 700, 'width': 600, 'x_position': 1916, 'y_position': 0}
26-03-31 13:35:45 | DEBUG    | mbs_node_manager:__init__:106 - Window position: x=1916, y=0, width=600, height=700
26-03-31 13:36:05 | DEBUG    | mbs_node_manager:closeEvent:196 - closeEvent
26-03-31 13:36:05 | DEBUG    | win_pos_manager:save_window_data:55 - Window size and position saved to .size_pos_MainWindow.yaml
26-03-31 13:36:46 | INFO     | mbs_browser:__init__:30 - Opening MBS Browser instance #1 with URL: http://x86l-132:8899/MBS/localhost/ControlGUI/
26-03-31 13:36:46 | INFO     | mbs_browser:__init__:30 - Opening MBS Browser instance #2 with URL: http://x86l-170:8899/MBS/localhost/ControlGUI/
26-03-31 13:36:46 | INFO     | mbs_browser:__init__:30 - Opening MBS Browser instance #3 with URL: http://x86l-253:8899/MBS/localhost/ControlGUI/
26-03-31 13:36:46 | DEBUG    | win_pos_manager:read_window_data:34 - Window size and position loaded from .size_pos_MainWindow.yaml
26-03-31 13:36:46 | DEBUG    | win_pos_manager:read_window_data:35 - {'height': 700, 'width': 600, 'x_position': 1916, 'y_position': 0}
26-03-31 13:36:46 | DEBUG    | mbs_node_manager:__init__:109 - Window position: x=1916, y=0, width=600, height=700
26-03-31 13:36:50 | DEBUG    | mbs_node_manager:closeEvent:199 - closeEvent
26-03-31 13:36:50 | DEBUG    | win_pos_manager:save_window_data:55 - Window size and position saved to .size_pos_MainWindow.yaml
26-03-31 13:37:18 | INFO     | mbs_browser:__init__:30 - Opening MBS Browser instance #1 with URL: http://x86l-132:8899/MBS/localhost/ControlGUI/
26-03-31 13:37:18 | INFO     | mbs_browser:__init__:30 - Opening MBS Browser instance #2 with URL: http://x86l-170:8899/MBS/localhost/ControlGUI/
26-03-31 13:37:18 | INFO     | mbs_browser:__init__:30 - Opening MBS Browser instance #3 with URL: http://x86l-253:8899/MBS/localhost/ControlGUI/
26-03-31 13:37:18 | DEBUG    | win_pos_manager:read_window_data:34 - Window size and position loaded from .size_pos_MainWindow.yaml
26-03-31 13:37:18 | DEBUG    | win_pos_manager:read_window_data:35 - {'height': 700, 'width': 600, 'x_position': 1916, 'y_position': 0}
26-03-31 13:37:18 | DEBUG    | mbs_node_manager:__init__:109 - Window position: x=1916, y=0, width=600, height=700
26-03-31 13:37:21 | DEBUG    | mbs_node_manager:closeEvent:199 - closeEvent
26-03-31 13:37:21 | DEBUG    | win_pos_manager:save_window_data:55 - Window size and position saved to .size_pos_MainWindow.yaml
26-03-31 13:37:35 | INFO     | mbs_browser:__init__:30 - Opening MBS Browser instance #1 with URL: http://x86l-132:8899/MBS/localhost/ControlGUI/
26-03-31 13:37:35 | INFO     | mbs_browser:__init__:30 - Opening MBS Browser instance #2 with URL: http://x86l-170:8899/MBS/localhost/ControlGUI/
26-03-31 13:37:35 | INFO     | mbs_browser:__init__:30 - Opening MBS Browser instance #3 with URL: http://x86l-253:8899/MBS/localhost/ControlGUI/
26-03-31 13:37:35 | DEBUG    | win_pos_manager:read_window_data:34 - Window size and position loaded from .size_pos_MainWindow.yaml
26-03-31 13:37:35 | DEBUG    | win_pos_manager:read_window_data:35 - {'height': 700, 'width': 600, 'x_position': 1916, 'y_position': 0}
26-03-31 13:37:35 | DEBUG    | mbs_node_manager:__init__:110 - Window position: x=1916, y=0, width=600, height=700
26-03-31 13:37:50 | DEBUG    | mbs_node_manager:closeEvent:200 - closeEvent
26-03-31 13:37:50 | DEBUG    | win_pos_manager:save_window_data:55 - Window size and position saved to .size_pos_MainWindow.yaml
26-03-31 13:38:55 | INFO     | mbs_browser:__init__:30 - Opening MBS Browser instance #1 with URL: http://x86l-132:8899/MBS/localhost/ControlGUI/
26-03-31 13:38:55 | INFO     | mbs_browser:__init__:30 - Opening MBS Browser instance #2 with URL: http://x86l-170:8899/MBS/localhost/ControlGUI/
26-03-31 13:38:55 | INFO     | mbs_browser:__init__:30 - Opening MBS Browser instance #3 with URL: http://x86l-253:8899/MBS/localhost/ControlGUI/
26-03-31 13:38:55 | DEBUG    | win_pos_manager:read_window_data:34 - Window size and position loaded from .size_pos_MainWindow.yaml
26-03-31 13:38:55 | DEBUG    | win_pos_manager:read_window_data:35 - {'height': 700, 'width': 600, 'x_position': 1916, 'y_position': 0}
26-03-31 13:38:55 | DEBUG    | mbs_node_manager:__init__:109 - Window position: x=1916, y=0, width=600, height=700
26-03-31 13:38:58 | DEBUG    | mbs_node_manager:closeEvent:199 - closeEvent
26-03-31 13:38:58 | DEBUG    | win_pos_manager:save_window_data:55 - Window size and position saved to .size_pos_MainWindow.yaml
26-03-31 13:39:56 | INFO     | mbs_browser:__init__:30 - Opening MBS Browser instance #1 with URL: http://x86l-132:8899/MBS/localhost/ControlGUI/
26-03-31 13:39:56 | INFO     | mbs_browser:__init__:30 - Opening MBS Browser instance #2 with URL: http://x86l-170:8899/MBS/localhost/ControlGUI/
26-03-31 13:39:56 | INFO     | mbs_browser:__init__:30 - Opening MBS Browser instance #3 with URL: http://x86l-253:8899/MBS/localhost/ControlGUI/
26-03-31 13:39:56 | DEBUG    | win_pos_manager:read_window_data:34 - Window size and position loaded from .size_pos_MainWindow.yaml
26-03-31 13:39:56 | DEBUG    | win_pos_manager:read_window_data:35 - {'height': 700, 'width': 600, 'x_position': 1916, 'y_position': 0}
26-03-31 13:39:56 | DEBUG    | mbs_node_manager:__init__:109 - Window position: x=1916, y=0, width=600, height=700
26-03-31 13:39:59 | INFO     | menu_bar:toggle_external_browser:45 - External MBS Browser: Enabled
26-03-31 13:40:03 | DEBUG    | mbs_node_manager:closeEvent:199 - closeEvent
26-03-31 13:40:03 | DEBUG    | win_pos_manager:save_window_data:55 - Window size and position saved to .size_pos_MainWindow.yaml
26-03-31 13:41:07 | INFO     | mbs_browser:__init__:30 - Opening MBS Browser instance #1 with URL: http://x86l-132:8899/MBS/localhost/ControlGUI/
26-03-31 13:41:07 | INFO     | mbs_browser:__init__:30 - Opening MBS Browser instance #2 with URL: http://x86l-170:8899/MBS/localhost/ControlGUI/
26-03-31 13:41:07 | INFO     | mbs_browser:__init__:30 - Opening MBS Browser instance #3 with URL: http://x86l-253:8899/MBS/localhost/ControlGUI/
26-03-31 13:41:07 | DEBUG    | win_pos_manager:read_window_data:34 - Window size and position loaded from .size_pos_MainWindow.yaml
26-03-31 13:41:07 | DEBUG    | win_pos_manager:read_window_data:35 - {'height': 700, 'width': 600, 'x_position': 1916, 'y_position': 0}
26-03-31 13:41:07 | DEBUG    | mbs_node_manager:__init__:112 - Window position: x=1916, y=0, width=600, height=700
26-03-31 13:41:09 | INFO     | mbs_node_manager:handler:140 - External browser is disabled. Cannot open x86l-132 dashboard.
26-03-31 13:41:12 | INFO     | menu_bar:toggle_external_browser:45 - External MBS Browser: Enabled
26-03-31 13:41:12 | INFO     | mbs_node_manager:handler:137 - Opening x86l-132 dashboard...
26-03-31 13:41:20 | DEBUG    | mbs_node_manager:closeEvent:202 - closeEvent
26-03-31 13:41:20 | DEBUG    | win_pos_manager:save_window_data:55 - Window size and position saved to .size_pos_MainWindow.yaml
26-03-31 13:42:43 | INFO     | mbs_browser:__init__:30 - Opening MBS Browser instance #1 with URL: http://x86l-132:8899/MBS/localhost/ControlGUI/
26-03-31 13:42:43 | INFO     | mbs_browser:__init__:30 - Opening MBS Browser instance #2 with URL: http://x86l-170:8899/MBS/localhost/ControlGUI/
26-03-31 13:42:43 | INFO     | mbs_browser:__init__:30 - Opening MBS Browser instance #3 with URL: http://x86l-253:8899/MBS/localhost/ControlGUI/
26-03-31 13:42:43 | DEBUG    | win_pos_manager:read_window_data:34 - Window size and position loaded from .size_pos_MainWindow.yaml
26-03-31 13:42:43 | DEBUG    | win_pos_manager:read_window_data:35 - {'height': 700, 'width': 600, 'x_position': 1916, 'y_position': 0}
26-03-31 13:42:43 | DEBUG    | mbs_node_manager:__init__:112 - Window position: x=1916, y=0, width=600, height=700
26-03-31 13:42:45 | INFO     | menu_bar:toggle_external_browser:45 - External MBS Browser: Enabled
26-03-31 13:42:46 | INFO     | mbs_node_manager:handler:137 - Opening x86l-132 dashboard...
26-03-31 13:45:40 | DEBUG    | mbs_node_manager:closeEvent:200 - closeEvent
26-03-31 13:45:40 | DEBUG    | win_pos_manager:save_window_data:55 - Window size and position saved to .size_pos_MainWindow.yaml
26-03-31 13:46:04 | DEBUG    | mbs_browser:__init__:30 - Opening MBS Browser instance #1 with URL: http://x86l-132:8899/MBS/localhost/ControlGUI/
26-03-31 13:46:04 | DEBUG    | mbs_browser:__init__:30 - Opening MBS Browser instance #2 with URL: http://x86l-170:8899/MBS/localhost/ControlGUI/
26-03-31 13:46:04 | DEBUG    | mbs_browser:__init__:30 - Opening MBS Browser instance #3 with URL: http://x86l-253:8899/MBS/localhost/ControlGUI/
26-03-31 13:46:04 | DEBUG    | win_pos_manager:read_window_data:34 - Window size and position loaded from .size_pos_MainWindow.yaml
26-03-31 13:46:04 | DEBUG    | win_pos_manager:read_window_data:35 - {'height': 700, 'width': 600, 'x_position': 1916, 'y_position': 0}
26-03-31 13:46:04 | DEBUG    | mbs_node_manager:__init__:114 - Window position: x=1916, y=0, width=600, height=700
26-03-31 13:46:05 | DEBUG    | mbs_node_manager:closeEvent:202 - closeEvent
26-03-31 13:46:05 | DEBUG    | win_pos_manager:save_window_data:55 - Window size and position saved to .size_pos_MainWindow.yaml
26-03-31 13:46:08 | DEBUG    | mbs_browser:__init__:30 - Opening MBS Browser instance #1 with URL: http://x86l-132:8899/MBS/localhost/ControlGUI/
26-03-31 13:46:08 | DEBUG    | mbs_browser:__init__:30 - Opening MBS Browser instance #2 with URL: http://x86l-170:8899/MBS/localhost/ControlGUI/
26-03-31 13:46:08 | DEBUG    | mbs_browser:__init__:30 - Opening MBS Browser instance #3 with URL: http://x86l-253:8899/MBS/localhost/ControlGUI/
26-03-31 13:46:08 | DEBUG    | win_pos_manager:read_window_data:34 - Window size and position loaded from .size_pos_MainWindow.yaml
26-03-31 13:46:08 | DEBUG    | win_pos_manager:read_window_data:35 - {'height': 700, 'width': 600, 'x_position': 1916, 'y_position': 0}
26-03-31 13:46:08 | DEBUG    | mbs_node_manager:__init__:114 - Window position: x=1916, y=0, width=600, height=700
26-03-31 13:46:09 | INFO     | mbs_node_manager:handler:142 - External browser is disabled. Cannot open x86l-132 dashboard.
26-03-31 13:46:14 | DEBUG    | mbs_node_manager:closeEvent:202 - closeEvent
26-03-31 13:46:14 | DEBUG    | win_pos_manager:save_window_data:55 - Window size and position saved to .size_pos_MainWindow.yaml
26-03-31 13:47:22 | DEBUG    | mbs_browser:__init__:30 - Opening MBS Browser instance #1 with URL: http://x86l-132:8899/MBS/localhost/ControlGUI/
26-03-31 13:47:22 | DEBUG    | mbs_browser:__init__:30 - Opening MBS Browser instance #2 with URL: http://x86l-170:8899/MBS/localhost/ControlGUI/
26-03-31 13:47:22 | DEBUG    | mbs_browser:__init__:30 - Opening MBS Browser instance #3 with URL: http://x86l-253:8899/MBS/localhost/ControlGUI/
26-03-31 13:47:22 | DEBUG    | win_pos_manager:read_window_data:34 - Window size and position loaded from .size_pos_MainWindow.yaml
26-03-31 13:47:22 | DEBUG    | win_pos_manager:read_window_data:35 - {'height': 700, 'width': 600, 'x_position': 1916, 'y_position': 0}
26-03-31 13:47:22 | DEBUG    | mbs_node_manager:__init__:114 - Window position: x=1916, y=0, width=600, height=700
26-03-31 13:47:23 | INFO     | mbs_node_manager:handler:142 - External browser is disabled. Cannot open x86l-132 dashboard.
26-03-31 13:47:46 | DEBUG    | mbs_node_manager:closeEvent:202 - closeEvent
26-03-31 13:47:46 | DEBUG    | win_pos_manager:save_window_data:55 - Window size and position saved to .size_pos_MainWindow.yaml
26-03-31 13:47:56 | DEBUG    | mbs_browser:__init__:30 - Opening MBS Browser instance #1 with URL: http://x86l-132:8899/MBS/localhost/ControlGUI/
26-03-31 13:47:57 | DEBUG    | mbs_browser:__init__:30 - Opening MBS Browser instance #2 with URL: http://x86l-170:8899/MBS/localhost/ControlGUI/
26-03-31 13:47:57 | DEBUG    | mbs_browser:__init__:30 - Opening MBS Browser instance #3 with URL: http://x86l-253:8899/MBS/localhost/ControlGUI/
26-03-31 13:47:57 | DEBUG    | win_pos_manager:read_window_data:34 - Window size and position loaded from .size_pos_MainWindow.yaml
26-03-31 13:47:57 | DEBUG    | win_pos_manager:read_window_data:35 - {'height': 700, 'width': 600, 'x_position': 1916, 'y_position': 0}
26-03-31 13:47:57 | DEBUG    | mbs_node_manager:__init__:114 - Window position: x=1916, y=0, width=600, height=700
26-03-31 13:48:02 | DEBUG    | mbs_node_manager:closeEvent:202 - closeEvent
26-03-31 13:48:02 | DEBUG    | win_pos_manager:save_window_data:55 - Window size and position saved to .size_pos_MainWindow.yaml
26-03-31 13:48:32 | DEBUG    | mbs_browser:__init__:30 - Opening MBS Browser instance #1 with URL: http://x86l-132:8899/MBS/localhost/ControlGUI/
26-03-31 13:48:32 | DEBUG    | mbs_browser:__init__:30 - Opening MBS Browser instance #2 with URL: http://x86l-170:8899/MBS/localhost/ControlGUI/
26-03-31 13:48:32 | DEBUG    | mbs_browser:__init__:30 - Opening MBS Browser instance #3 with URL: http://x86l-253:8899/MBS/localhost/ControlGUI/
26-03-31 13:48:32 | DEBUG    | win_pos_manager:read_window_data:34 - Window size and position loaded from .size_pos_MainWindow.yaml
26-03-31 13:48:32 | DEBUG    | win_pos_manager:read_window_data:35 - {'height': 700, 'width': 600, 'x_position': 1916, 'y_position': 0}
26-03-31 13:48:32 | DEBUG    | mbs_node_manager:__init__:114 - Window position: x=1916, y=0, width=600, height=700
26-03-31 13:48:35 | DEBUG    | mbs_node_manager:closeEvent:202 - closeEvent
26-03-31 13:48:35 | DEBUG    | win_pos_manager:save_window_data:55 - Window size and position saved to .size_pos_MainWindow.yaml
26-03-31 13:48:35 | DEBUG    | mbs_node_manager:closeEvent:68 - Closing node ToF window...
26-03-31 13:48:42 | DEBUG    | mbs_browser:__init__:30 - Opening MBS Browser instance #1 with URL: http://x86l-132:8899/MBS/localhost/ControlGUI/
26-03-31 13:48:42 | DEBUG    | mbs_browser:__init__:30 - Opening MBS Browser instance #2 with URL: http://x86l-170:8899/MBS/localhost/ControlGUI/
26-03-31 13:48:42 | DEBUG    | mbs_browser:__init__:30 - Opening MBS Browser instance #3 with URL: http://x86l-253:8899/MBS/localhost/ControlGUI/
26-03-31 13:48:42 | DEBUG    | win_pos_manager:read_window_data:34 - Window size and position loaded from .size_pos_MainWindow.yaml
26-03-31 13:48:42 | DEBUG    | win_pos_manager:read_window_data:35 - {'height': 700, 'width': 600, 'x_position': 1916, 'y_position': 0}
26-03-31 13:48:42 | DEBUG    | mbs_node_manager:__init__:114 - Window position: x=1916, y=0, width=600, height=700
26-03-31 13:48:44 | DEBUG    | mbs_node_manager:closeEvent:202 - closeEvent
26-03-31 13:48:44 | DEBUG    | win_pos_manager:save_window_data:55 - Window size and position saved to .size_pos_MainWindow.yaml
26-03-31 13:48:44 | DEBUG    | mbs_node_manager:closeEvent:68 - Closing node ToF window...
26-03-31 13:48:44 | DEBUG    | mbs_node_manager:closeEvent:68 - Closing node MUSIC window...
26-03-31 13:48:44 | DEBUG    | mbs_node_manager:closeEvent:68 - Closing node SiFi window...
26-03-31 13:48:48 | DEBUG    | mbs_browser:__init__:30 - Opening MBS Browser instance #1 with URL: http://x86l-132:8899/MBS/localhost/ControlGUI/
26-03-31 13:48:48 | DEBUG    | mbs_browser:__init__:30 - Opening MBS Browser instance #2 with URL: http://x86l-170:8899/MBS/localhost/ControlGUI/
26-03-31 13:48:48 | DEBUG    | mbs_browser:__init__:30 - Opening MBS Browser instance #3 with URL: http://x86l-253:8899/MBS/localhost/ControlGUI/
26-03-31 13:48:48 | DEBUG    | win_pos_manager:read_window_data:34 - Window size and position loaded from .size_pos_MainWindow.yaml
26-03-31 13:48:48 | DEBUG    | win_pos_manager:read_window_data:35 - {'height': 700, 'width': 600, 'x_position': 1916, 'y_position': 0}
26-03-31 13:48:48 | DEBUG    | mbs_node_manager:__init__:114 - Window position: x=1916, y=0, width=600, height=700
26-03-31 13:48:51 | INFO     | mbs_node_manager:handler:142 - External browser is disabled. Cannot open x86l-170 dashboard.
26-03-31 13:48:54 | DEBUG    | mbs_node_manager:closeEvent:202 - closeEvent
26-03-31 13:48:54 | DEBUG    | win_pos_manager:save_window_data:55 - Window size and position saved to .size_pos_MainWindow.yaml
26-03-31 13:48:54 | DEBUG    | mbs_node_manager:closeEvent:68 - Closing node ToF window...
26-03-31 13:48:54 | DEBUG    | mbs_node_manager:closeEvent:68 - Closing node MUSIC window...
26-03-31 13:48:54 | DEBUG    | mbs_node_manager:closeEvent:68 - Closing node SiFi window...
26-03-31 13:50:29 | DEBUG    | mbs_browser:__init__:30 - Opening MBS Browser instance #1 with URL: http://x86l-132:8899/MBS/localhost/ControlGUI/
26-03-31 13:50:29 | DEBUG    | mbs_browser:__init__:30 - Opening MBS Browser instance #2 with URL: http://x86l-170:8899/MBS/localhost/ControlGUI/
26-03-31 13:50:29 | DEBUG    | mbs_browser:__init__:30 - Opening MBS Browser instance #3 with URL: http://x86l-253:8899/MBS/localhost/ControlGUI/
26-03-31 13:50:29 | DEBUG    | win_pos_manager:read_window_data:34 - Window size and position loaded from .size_pos_MainWindow.yaml
26-03-31 13:50:29 | DEBUG    | win_pos_manager:read_window_data:35 - {'height': 700, 'width': 600, 'x_position': 1916, 'y_position': 0}
26-03-31 13:50:29 | DEBUG    | mbs_node_manager:__init__:114 - Window position: x=1916, y=0, width=600, height=700
26-03-31 13:50:36 | INFO     | menu_bar:toggle_external_browser:45 - External MBS Browser: Enabled
26-03-31 13:50:45 | DEBUG    | mbs_node_manager:closeEvent:202 - closeEvent
26-03-31 13:50:45 | DEBUG    | win_pos_manager:save_window_data:55 - Window size and position saved to .size_pos_MainWindow.yaml
26-03-31 13:50:45 | DEBUG    | mbs_node_manager:closeEvent:68 - Closing node ToF window...
26-03-31 13:50:45 | DEBUG    | mbs_node_manager:closeEvent:68 - Closing node MUSIC window...
26-03-31 13:50:45 | DEBUG    | mbs_node_manager:closeEvent:68 - Closing node SiFi window...
26-03-31 13:54:31 | DEBUG    | mbs_browser:__init__:30 - Opening MBS Browser instance #1 with URL: http://x86l-132:8899/MBS/localhost/ControlGUI/
26-03-31 13:54:31 | DEBUG    | mbs_browser:__init__:30 - Opening MBS Browser instance #2 with URL: http://x86l-170:8899/MBS/localhost/ControlGUI/
26-03-31 13:54:31 | DEBUG    | mbs_browser:__init__:30 - Opening MBS Browser instance #3 with URL: http://x86l-253:8899/MBS/localhost/ControlGUI/
26-03-31 13:55:08 | DEBUG    | mbs_browser:__init__:30 - Opening MBS Browser instance #1 with URL: http://x86l-132:8899/MBS/localhost/ControlGUI/
26-03-31 13:55:08 | DEBUG    | mbs_browser:__init__:30 - Opening MBS Browser instance #2 with URL: http://x86l-170:8899/MBS/localhost/ControlGUI/
26-03-31 13:55:08 | DEBUG    | mbs_browser:__init__:30 - Opening MBS Browser instance #3 with URL: http://x86l-253:8899/MBS/localhost/ControlGUI/
26-03-31 13:55:53 | DEBUG    | mbs_browser:__init__:30 - Opening MBS Browser instance #1 with URL: http://x86l-132:8899/MBS/localhost/ControlGUI/
26-03-31 13:55:53 | DEBUG    | mbs_browser:__init__:30 - Opening MBS Browser instance #2 with URL: http://x86l-170:8899/MBS/localhost/ControlGUI/
26-03-31 13:55:53 | DEBUG    | mbs_browser:__init__:30 - Opening MBS Browser instance #3 with URL: http://x86l-253:8899/MBS/localhost/ControlGUI/
26-03-31 13:56:37 | DEBUG    | mbs_browser:__init__:30 - Opening MBS Browser instance #1 with URL: http://x86l-132:8899/MBS/localhost/ControlGUI/
26-03-31 13:56:37 | DEBUG    | mbs_browser:__init__:30 - Opening MBS Browser instance #2 with URL: http://x86l-170:8899/MBS/localhost/ControlGUI/
26-03-31 13:56:37 | DEBUG    | mbs_browser:__init__:30 - Opening MBS Browser instance #3 with URL: http://x86l-253:8899/MBS/localhost/ControlGUI/
26-03-31 13:57:02 | DEBUG    | mbs_browser:__init__:30 - Opening MBS Browser instance #1 with URL: http://x86l-132:8899/MBS/localhost/ControlGUI/
26-03-31 13:57:02 | DEBUG    | mbs_browser:__init__:30 - Opening MBS Browser instance #2 with URL: http://x86l-170:8899/MBS/localhost/ControlGUI/
26-03-31 13:57:02 | DEBUG    | mbs_browser:__init__:30 - Opening MBS Browser instance #3 with URL: http://x86l-253:8899/MBS/localhost/ControlGUI/
26-03-31 13:57:02 | DEBUG    | win_pos_manager:read_window_data:34 - Window size and position loaded from .size_pos_MainWindow.yaml
26-03-31 13:57:02 | DEBUG    | win_pos_manager:read_window_data:35 - {'height': 700, 'width': 600, 'x_position': 1916, 'y_position': 0}
26-03-31 13:57:02 | DEBUG    | mbs_node_manager:__init__:120 - Window position: x=1916, y=0, width=600, height=700
26-03-31 13:57:04 | INFO     | mbs_node_manager:open_external_browser:146 - Opening x86l-132 dashboard...
26-03-31 13:57:04 | INFO     | mbs_node_manager:open_external_browser:146 - Opening x86l-170 dashboard...
26-03-31 13:57:04 | INFO     | mbs_node_manager:open_external_browser:146 - Opening x86l-253 dashboard...
26-03-31 13:57:05 | INFO     | menu_bar:toggle_external_browser:45 - External MBS Browser: Enabled
26-03-31 13:57:20 | INFO     | mbs_node_manager:open_external_browser:146 - Opening x86l-132 dashboard...
26-03-31 13:57:20 | INFO     | mbs_node_manager:open_external_browser:146 - Opening x86l-170 dashboard...
26-03-31 13:57:20 | INFO     | mbs_node_manager:open_external_browser:146 - Opening x86l-253 dashboard...
26-03-31 13:57:20 | INFO     | menu_bar:toggle_external_browser:45 - External MBS Browser: Disabled
26-03-31 13:57:31 | DEBUG    | mbs_node_manager:closeEvent:204 - closeEvent
26-03-31 13:57:31 | DEBUG    | win_pos_manager:save_window_data:55 - Window size and position saved to .size_pos_MainWindow.yaml
26-03-31 13:57:31 | DEBUG    | mbs_node_manager:closeEvent:71 - Closing node ToF window...
26-03-31 13:57:31 | DEBUG    | mbs_node_manager:closeEvent:71 - Closing node MUSIC window...
26-03-31 13:57:31 | DEBUG    | mbs_node_manager:closeEvent:71 - Closing node SiFi window...
26-03-31 13:59:53 | DEBUG    | mbs_browser:__init__:30 - Opening MBS Browser instance #1 with URL: http://x86l-132:8899/MBS/localhost/ControlGUI/
26-03-31 13:59:53 | DEBUG    | mbs_browser:__init__:30 - Opening MBS Browser instance #2 with URL: http://x86l-170:8899/MBS/localhost/ControlGUI/
26-03-31 13:59:53 | DEBUG    | mbs_browser:__init__:30 - Opening MBS Browser instance #3 with URL: http://x86l-253:8899/MBS/localhost/ControlGUI/
26-03-31 13:59:53 | DEBUG    | win_pos_manager:read_window_data:34 - Window size and position loaded from .size_pos_MainWindow.yaml
26-03-31 13:59:53 | DEBUG    | win_pos_manager:read_window_data:35 - {'height': 700, 'width': 600, 'x_position': 1916, 'y_position': 0}
26-03-31 13:59:53 | DEBUG    | mbs_node_manager:__init__:120 - Window position: x=1916, y=0, width=600, height=700
26-03-31 13:59:58 | DEBUG    | mbs_node_manager:closeEvent:204 - closeEvent
26-03-31 13:59:58 | DEBUG    | win_pos_manager:save_window_data:55 - Window size and position saved to .size_pos_MainWindow.yaml
26-03-31 13:59:58 | DEBUG    | mbs_node_manager:closeEvent:71 - Closing node ToF window...
26-03-31 13:59:58 | DEBUG    | mbs_node_manager:closeEvent:71 - Closing node MUSIC window...
26-03-31 13:59:58 | DEBUG    | mbs_node_manager:closeEvent:71 - Closing node SiFi window...
26-03-31 14:01:35 | DEBUG    | mbs_browser:__init__:30 - Opening MBS Browser instance #1 with URL: http://x86l-132:8899/MBS/localhost/ControlGUI/
26-03-31 14:01:35 | DEBUG    | mbs_browser:__init__:30 - Opening MBS Browser instance #2 with URL: http://x86l-170:8899/MBS/localhost/ControlGUI/
26-03-31 14:01:35 | DEBUG    | mbs_browser:__init__:30 - Opening MBS Browser instance #3 with URL: http://x86l-253:8899/MBS/localhost/ControlGUI/
26-03-31 14:01:37 | DEBUG    | mbs_browser:__init__:30 - Opening MBS Browser instance #1 with URL: http://x86l-132:8899/MBS/localhost/ControlGUI/
26-03-31 14:01:37 | DEBUG    | mbs_browser:__init__:30 - Opening MBS Browser instance #2 with URL: http://x86l-170:8899/MBS/localhost/ControlGUI/
26-03-31 14:01:37 | DEBUG    | mbs_browser:__init__:30 - Opening MBS Browser instance #3 with URL: http://x86l-253:8899/MBS/localhost/ControlGUI/
26-03-31 14:02:15 | DEBUG    | mbs_browser:__init__:30 - Opening MBS Browser instance #1 with URL: http://x86l-132:8899/MBS/localhost/ControlGUI/
26-03-31 14:02:15 | DEBUG    | mbs_browser:__init__:30 - Opening MBS Browser instance #2 with URL: http://x86l-170:8899/MBS/localhost/ControlGUI/
26-03-31 14:02:15 | DEBUG    | mbs_browser:__init__:30 - Opening MBS Browser instance #3 with URL: http://x86l-253:8899/MBS/localhost/ControlGUI/
26-03-31 14:02:32 | DEBUG    | mbs_browser:__init__:30 - Opening MBS Browser instance #1 with URL: http://x86l-132:8899/MBS/localhost/ControlGUI/
26-03-31 14:02:32 | DEBUG    | mbs_browser:__init__:30 - Opening MBS Browser instance #2 with URL: http://x86l-170:8899/MBS/localhost/ControlGUI/
26-03-31 14:02:32 | DEBUG    | mbs_browser:__init__:30 - Opening MBS Browser instance #3 with URL: http://x86l-253:8899/MBS/localhost/ControlGUI/
26-03-31 14:02:32 | DEBUG    | win_pos_manager:read_window_data:34 - Window size and position loaded from .size_pos_MainWindow.yaml
26-03-31 14:02:32 | DEBUG    | win_pos_manager:read_window_data:35 - {'height': 700, 'width': 600, 'x_position': 1916, 'y_position': 0}
26-03-31 14:02:32 | DEBUG    | mbs_node_manager:__init__:120 - Window position: x=1916, y=0, width=600, height=700
26-03-31 14:02:37 | INFO     | mbs_node_manager:open_external_browser:146 - Opening x86l-132 dashboard...
26-03-31 14:02:37 | INFO     | mbs_node_manager:open_external_browser:146 - Opening x86l-170 dashboard...
26-03-31 14:02:37 | INFO     | mbs_node_manager:open_external_browser:146 - Opening x86l-253 dashboard...
26-03-31 14:02:44 | INFO     | mbs_node_manager:open_external_browser:146 - Opening x86l-132 dashboard...
26-03-31 14:02:44 | INFO     | mbs_node_manager:open_external_browser:146 - Opening x86l-170 dashboard...
26-03-31 14:02:45 | INFO     | mbs_node_manager:open_external_browser:146 - Opening x86l-253 dashboard...
26-03-31 14:03:07 | DEBUG    | mbs_node_manager:closeEvent:204 - closeEvent
26-03-31 14:03:07 | DEBUG    | win_pos_manager:save_window_data:55 - Window size and position saved to .size_pos_MainWindow.yaml
26-03-31 14:03:07 | DEBUG    | mbs_node_manager:closeEvent:71 - Closing node ToF window...
26-03-31 14:03:07 | DEBUG    | mbs_node_manager:closeEvent:71 - Closing node MUSIC window...
26-03-31 14:03:07 | DEBUG    | mbs_node_manager:closeEvent:71 - Closing node SiFi window...
26-03-31 14:04:29 | DEBUG    | mbs_browser:__init__:30 - Opening MBS Browser instance #1 with URL: http://x86l-132:8899/MBS/localhost/ControlGUI/
26-03-31 14:04:29 | DEBUG    | mbs_browser:__init__:30 - Opening MBS Browser instance #2 with URL: http://x86l-170:8899/MBS/localhost/ControlGUI/
26-03-31 14:04:29 | DEBUG    | mbs_browser:__init__:30 - Opening MBS Browser instance #3 with URL: http://x86l-253:8899/MBS/localhost/ControlGUI/
26-03-31 14:04:29 | DEBUG    | win_pos_manager:read_window_data:34 - Window size and position loaded from .size_pos_MainWindow.yaml
26-03-31 14:04:29 | DEBUG    | win_pos_manager:read_window_data:35 - {'height': 700, 'width': 600, 'x_position': 1916, 'y_position': 0}
26-03-31 14:04:29 | DEBUG    | mbs_node_manager:__init__:120 - Window position: x=1916, y=0, width=600, height=700
26-03-31 14:04:39 | DEBUG    | mbs_node_manager:closeEvent:204 - closeEvent
26-03-31 14:04:39 | DEBUG    | win_pos_manager:save_window_data:55 - Window size and position saved to .size_pos_MainWindow.yaml
26-03-31 14:04:39 | DEBUG    | mbs_node_manager:closeEvent:71 - Closing node ToF window...
26-03-31 14:04:39 | DEBUG    | mbs_node_manager:closeEvent:71 - Closing node MUSIC window...
26-03-31 14:04:39 | DEBUG    | mbs_node_manager:closeEvent:71 - Closing node SiFi window...
26-03-31 14:06:32 | DEBUG    | mbs_browser:__init__:30 - Opening MBS Browser instance #1 with URL: http://x86l-132:8899/MBS/localhost/ControlGUI/
26-03-31 14:06:32 | DEBUG    | mbs_browser:__init__:30 - Opening MBS Browser instance #2 with URL: http://x86l-170:8899/MBS/localhost/ControlGUI/
26-03-31 14:06:32 | DEBUG    | mbs_browser:__init__:30 - Opening MBS Browser instance #3 with URL: http://x86l-253:8899/MBS/localhost/ControlGUI/
26-03-31 14:06:32 | DEBUG    | win_pos_manager:read_window_data:34 - Window size and position loaded from .size_pos_MainWindow.yaml
26-03-31 14:06:32 | DEBUG    | win_pos_manager:read_window_data:35 - {'height': 700, 'width': 600, 'x_position': 1916, 'y_position': 0}
26-03-31 14:06:32 | DEBUG    | mbs_node_manager:__init__:120 - Window position: x=1916, y=0, width=600, height=700
26-03-31 14:06:41 | INFO     | mbs_node_manager:open_external_browser:146 - Opening x86l-132 dashboard...
26-03-31 14:06:42 | INFO     | mbs_node_manager:open_external_browser:146 - Opening x86l-170 dashboard...
26-03-31 14:06:42 | INFO     | mbs_node_manager:open_external_browser:146 - Opening x86l-253 dashboard...
26-03-31 14:06:46 | DEBUG    | mbs_node_manager:closeEvent:204 - closeEvent
26-03-31 14:06:46 | DEBUG    | win_pos_manager:save_window_data:55 - Window size and position saved to .size_pos_MainWindow.yaml
26-03-31 14:06:46 | DEBUG    | mbs_node_manager:closeEvent:71 - Closing node ToF window...
26-03-31 14:06:46 | DEBUG    | mbs_node_manager:closeEvent:71 - Closing node MUSIC window...
26-03-31 14:06:46 | DEBUG    | mbs_node_manager:closeEvent:71 - Closing node SiFi window...
26-03-31 14:07:12 | DEBUG    | mbs_browser:__init__:30 - Opening MBS Browser instance #1 with URL: http://x86l-132:8899/MBS/localhost/ControlGUI/
26-03-31 14:07:12 | DEBUG    | mbs_browser:__init__:30 - Opening MBS Browser instance #2 with URL: http://x86l-170:8899/MBS/localhost/ControlGUI/
26-03-31 14:07:12 | DEBUG    | mbs_browser:__init__:30 - Opening MBS Browser instance #3 with URL: http://x86l-253:8899/MBS/localhost/ControlGUI/
26-03-31 14:07:12 | DEBUG    | win_pos_manager:read_window_data:34 - Window size and position loaded from .size_pos_MainWindow.yaml
26-03-31 14:07:12 | DEBUG    | win_pos_manager:read_window_data:35 - {'height': 700, 'width': 600, 'x_position': 1916, 'y_position': 0}
26-03-31 14:07:12 | DEBUG    | mbs_node_manager:__init__:120 - Window position: x=1916, y=0, width=600, height=700
26-03-31 14:07:17 | INFO     | mbs_node_manager:open_external_browser:146 - Opening x86l-132 dashboard...
26-03-31 14:07:18 | INFO     | mbs_node_manager:open_external_browser:146 - Opening x86l-170 dashboard...
26-03-31 14:07:18 | INFO     | mbs_node_manager:open_external_browser:146 - Opening x86l-253 dashboard...
26-03-31 14:07:48 | DEBUG    | mbs_node_manager:closeEvent:204 - closeEvent
26-03-31 14:07:48 | DEBUG    | win_pos_manager:save_window_data:55 - Window size and position saved to .size_pos_MainWindow.yaml
26-03-31 14:07:48 | DEBUG    | mbs_node_manager:closeEvent:71 - Closing node ToF window...
26-03-31 14:07:48 | DEBUG    | mbs_node_manager:closeEvent:71 - Closing node MUSIC window...
26-03-31 14:07:48 | DEBUG    | mbs_node_manager:closeEvent:71 - Closing node SiFi window...
26-03-31 14:09:16 | DEBUG    | mbs_browser:__init__:30 - Opening MBS Browser instance #1 with URL: http://x86l-132:8899/MBS/localhost/ControlGUI/
26-03-31 14:09:16 | DEBUG    | mbs_browser:__init__:30 - Opening MBS Browser instance #2 with URL: http://x86l-170:8899/MBS/localhost/ControlGUI/
26-03-31 14:09:16 | DEBUG    | mbs_browser:__init__:30 - Opening MBS Browser instance #3 with URL: http://x86l-253:8899/MBS/localhost/ControlGUI/
26-03-31 14:09:16 | DEBUG    | win_pos_manager:read_window_data:34 - Window size and position loaded from .size_pos_MainWindow.yaml
26-03-31 14:09:16 | DEBUG    | win_pos_manager:read_window_data:35 - {'height': 700, 'width': 600, 'x_position': 1916, 'y_position': 0}
26-03-31 14:09:16 | DEBUG    | mbs_node_manager:__init__:121 - Window position: x=1916, y=0, width=600, height=700
26-03-31 14:09:25 | DEBUG    | mbs_node_manager:closeEvent:205 - closeEvent
26-03-31 14:09:25 | DEBUG    | win_pos_manager:save_window_data:55 - Window size and position saved to .size_pos_MainWindow.yaml
26-03-31 14:09:25 | DEBUG    | mbs_node_manager:closeEvent:71 - Closing node ToF window...
26-03-31 14:09:25 | DEBUG    | mbs_node_manager:closeEvent:71 - Closing node MUSIC window...
26-03-31 14:09:25 | DEBUG    | mbs_node_manager:closeEvent:71 - Closing node SiFi window...
26-03-31 14:10:49 | DEBUG    | mbs_browser:__init__:30 - Opening MBS Browser instance #1 with URL: http://x86l-132:8899/MBS/localhost/ControlGUI/
26-03-31 14:10:50 | DEBUG    | mbs_browser:__init__:30 - Opening MBS Browser instance #2 with URL: http://x86l-170:8899/MBS/localhost/ControlGUI/
26-03-31 14:10:50 | DEBUG    | mbs_browser:__init__:30 - Opening MBS Browser instance #3 with URL: http://x86l-253:8899/MBS/localhost/ControlGUI/
26-03-31 14:10:50 | DEBUG    | win_pos_manager:read_window_data:34 - Window size and position loaded from .size_pos_MainWindow.yaml
26-03-31 14:10:50 | DEBUG    | win_pos_manager:read_window_data:35 - {'height': 700, 'width': 600, 'x_position': 1916, 'y_position': 0}
26-03-31 14:10:50 | DEBUG    | mbs_node_manager:__init__:127 - Window position: x=1916, y=0, width=600, height=700
26-03-31 14:10:52 | DEBUG    | mbs_node_manager:show_window:69 - ToF dashboard is already open. Bringing it to front...
26-03-31 14:10:54 | DEBUG    | mbs_node_manager:show_window:69 - ToF dashboard is already open. Bringing it to front...
26-03-31 14:10:56 | DEBUG    | mbs_node_manager:show_window:69 - MUSIC dashboard is already open. Bringing it to front...
26-03-31 14:10:58 | DEBUG    | mbs_node_manager:show_window:69 - SiFi dashboard is already open. Bringing it to front...
26-03-31 14:11:04 | INFO     | mbs_node_manager:open_external_browser:153 - Opening x86l-132 dashboard...
26-03-31 14:11:04 | INFO     | mbs_node_manager:open_external_browser:153 - Opening x86l-170 dashboard...
26-03-31 14:11:04 | INFO     | mbs_node_manager:open_external_browser:153 - Opening x86l-253 dashboard...
26-03-31 14:11:18 | DEBUG    | mbs_node_manager:closeEvent:211 - closeEvent
26-03-31 14:11:18 | DEBUG    | win_pos_manager:save_window_data:55 - Window size and position saved to .size_pos_MainWindow.yaml
26-03-31 14:11:18 | DEBUG    | mbs_node_manager:closeEvent:77 - Closing node ToF window...
26-03-31 14:11:18 | DEBUG    | mbs_node_manager:closeEvent:77 - Closing node MUSIC window...
26-03-31 14:11:18 | DEBUG    | mbs_node_manager:closeEvent:77 - Closing node SiFi window...
26-03-31 14:13:55 | DEBUG    | mbs_browser:__init__:30 - Opening MBS Browser instance #1 with URL: http://x86l-132:8899/MBS/localhost/ControlGUI/
26-03-31 14:13:55 | DEBUG    | mbs_browser:__init__:30 - Opening MBS Browser instance #2 with URL: http://x86l-170:8899/MBS/localhost/ControlGUI/
26-03-31 14:13:55 | DEBUG    | mbs_browser:__init__:30 - Opening MBS Browser instance #3 with URL: http://x86l-253:8899/MBS/localhost/ControlGUI/
26-03-31 14:13:55 | DEBUG    | win_pos_manager:read_window_data:34 - Window size and position loaded from .size_pos_MainWindow.yaml
26-03-31 14:13:55 | DEBUG    | win_pos_manager:read_window_data:35 - {'height': 700, 'width': 600, 'x_position': 1916, 'y_position': 0}
26-03-31 14:13:55 | DEBUG    | mbs_node_manager:__init__:127 - Window position: x=1916, y=0, width=600, height=700
26-03-31 14:13:58 | INFO     | mbs_node_manager:show_all_dashboards:159 - Showing ToF dashboard...
26-03-31 14:13:58 | INFO     | mbs_node_manager:show_all_dashboards:159 - Showing MUSIC dashboard...
26-03-31 14:13:58 | INFO     | mbs_node_manager:show_all_dashboards:159 - Showing SiFi dashboard...
26-03-31 14:14:23 | DEBUG    | mbs_node_manager:show_window:69 - SiFi dashboard is already open. Bringing it to front...
26-03-31 14:14:24 | DEBUG    | mbs_node_manager:show_window:69 - MUSIC dashboard is already open. Bringing it to front...
26-03-31 14:14:25 | DEBUG    | mbs_node_manager:show_window:69 - ToF dashboard is already open. Bringing it to front...
26-03-31 14:14:28 | DEBUG    | mbs_node_manager:show_window:69 - MUSIC dashboard is already open. Bringing it to front...
26-03-31 14:14:30 | DEBUG    | mbs_node_manager:show_window:69 - ToF dashboard is already open. Bringing it to front...
26-03-31 14:14:32 | DEBUG    | mbs_node_manager:closeEvent:217 - closeEvent
26-03-31 14:14:32 | DEBUG    | win_pos_manager:save_window_data:55 - Window size and position saved to .size_pos_MainWindow.yaml
26-03-31 14:14:32 | DEBUG    | mbs_node_manager:closeEvent:77 - Closing node ToF window...
26-03-31 14:14:32 | DEBUG    | mbs_node_manager:closeEvent:77 - Closing node MUSIC window...
26-03-31 14:14:32 | DEBUG    | mbs_node_manager:closeEvent:77 - Closing node SiFi window...
26-03-31 14:14:33 | DEBUG    | mbs_browser:__init__:30 - Opening MBS Browser instance #1 with URL: http://x86l-132:8899/MBS/localhost/ControlGUI/
26-03-31 14:14:33 | DEBUG    | mbs_browser:__init__:30 - Opening MBS Browser instance #2 with URL: http://x86l-170:8899/MBS/localhost/ControlGUI/
26-03-31 14:14:33 | DEBUG    | mbs_browser:__init__:30 - Opening MBS Browser instance #3 with URL: http://x86l-253:8899/MBS/localhost/ControlGUI/
26-03-31 14:14:33 | DEBUG    | win_pos_manager:read_window_data:34 - Window size and position loaded from .size_pos_MainWindow.yaml
26-03-31 14:14:33 | DEBUG    | win_pos_manager:read_window_data:35 - {'height': 700, 'width': 600, 'x_position': 1916, 'y_position': 0}
26-03-31 14:14:33 | DEBUG    | mbs_node_manager:__init__:127 - Window position: x=1916, y=0, width=600, height=700
26-03-31 14:14:39 | DEBUG    | mbs_node_manager:closeEvent:217 - closeEvent
26-03-31 14:14:39 | DEBUG    | win_pos_manager:save_window_data:55 - Window size and position saved to .size_pos_MainWindow.yaml
26-03-31 14:14:39 | DEBUG    | mbs_node_manager:closeEvent:77 - Closing node ToF window...
26-03-31 14:14:39 | DEBUG    | mbs_node_manager:closeEvent:77 - Closing node MUSIC window...
26-03-31 14:14:39 | DEBUG    | mbs_node_manager:closeEvent:77 - Closing node SiFi window...
26-03-31 14:14:48 | DEBUG    | mbs_browser:__init__:30 - Opening MBS Browser instance #1 with URL: http://x86l-132:8899/MBS/localhost/ControlGUI/
26-03-31 14:14:49 | DEBUG    | mbs_browser:__init__:30 - Opening MBS Browser instance #2 with URL: http://x86l-170:8899/MBS/localhost/ControlGUI/
26-03-31 14:14:49 | DEBUG    | mbs_browser:__init__:30 - Opening MBS Browser instance #3 with URL: http://x86l-253:8899/MBS/localhost/ControlGUI/
26-03-31 14:14:49 | DEBUG    | win_pos_manager:read_window_data:34 - Window size and position loaded from .size_pos_MainWindow.yaml
26-03-31 14:14:49 | DEBUG    | win_pos_manager:read_window_data:35 - {'height': 700, 'width': 600, 'x_position': 1916, 'y_position': 0}
26-03-31 14:14:49 | DEBUG    | mbs_node_manager:__init__:127 - Window position: x=1916, y=0, width=600, height=700
26-03-31 14:14:53 | DEBUG    | mbs_node_manager:closeEvent:218 - closeEvent
26-03-31 14:14:53 | DEBUG    | win_pos_manager:save_window_data:55 - Window size and position saved to .size_pos_MainWindow.yaml
26-03-31 14:14:53 | DEBUG    | mbs_node_manager:closeEvent:77 - Closing node ToF window...
26-03-31 14:14:53 | DEBUG    | mbs_node_manager:closeEvent:77 - Closing node MUSIC window...
26-03-31 14:14:53 | DEBUG    | mbs_node_manager:closeEvent:77 - Closing node SiFi window...
26-03-31 14:16:17 | DEBUG    | mbs_browser:__init__:30 - Opening MBS Browser instance #1 with URL: http://x86l-132:8899/MBS/localhost/ControlGUI/
26-03-31 14:16:17 | DEBUG    | mbs_browser:__init__:30 - Opening MBS Browser instance #2 with URL: http://x86l-170:8899/MBS/localhost/ControlGUI/
26-03-31 14:16:17 | DEBUG    | mbs_browser:__init__:30 - Opening MBS Browser instance #3 with URL: http://x86l-253:8899/MBS/localhost/ControlGUI/
26-03-31 14:16:17 | DEBUG    | win_pos_manager:read_window_data:34 - Window size and position loaded from .size_pos_MainWindow.yaml
26-03-31 14:16:17 | DEBUG    | win_pos_manager:read_window_data:35 - {'height': 700, 'width': 600, 'x_position': 1916, 'y_position': 0}
26-03-31 14:16:17 | DEBUG    | mbs_node_manager:__init__:127 - Window position: x=1916, y=0, width=600, height=700
26-03-31 14:16:33 | DEBUG    | mbs_node_manager:closeEvent:217 - closeEvent
26-03-31 14:16:33 | DEBUG    | win_pos_manager:save_window_data:55 - Window size and position saved to .size_pos_MainWindow.yaml
26-03-31 14:16:33 | DEBUG    | mbs_node_manager:closeEvent:77 - Closing node ToF window...
26-03-31 14:16:33 | DEBUG    | mbs_node_manager:closeEvent:77 - Closing node MUSIC window...
26-03-31 14:16:33 | DEBUG    | mbs_node_manager:closeEvent:77 - Closing node SiFi window...
26-03-31 14:16:46 | DEBUG    | mbs_browser:__init__:30 - Opening MBS Browser instance #1 with URL: http://x86l-132:8899/MBS/localhost/ControlGUI/
26-03-31 14:16:46 | DEBUG    | mbs_browser:__init__:30 - Opening MBS Browser instance #2 with URL: http://x86l-170:8899/MBS/localhost/ControlGUI/
26-03-31 14:16:46 | DEBUG    | mbs_browser:__init__:30 - Opening MBS Browser instance #3 with URL: http://x86l-253:8899/MBS/localhost/ControlGUI/
26-03-31 14:16:46 | DEBUG    | win_pos_manager:read_window_data:34 - Window size and position loaded from .size_pos_MainWindow.yaml
26-03-31 14:16:46 | DEBUG    | win_pos_manager:read_window_data:35 - {'height': 700, 'width': 600, 'x_position': 1916, 'y_position': 0}
26-03-31 14:16:46 | DEBUG    | mbs_node_manager:__init__:127 - Window position: x=1916, y=0, width=600, height=700
26-03-31 14:17:10 | DEBUG    | mbs_node_manager:show_window:69 - ToF dashboard is already open. Bringing it to front...
26-03-31 14:19:27 | DEBUG    | mbs_node_manager:closeEvent:217 - closeEvent
26-03-31 14:19:27 | DEBUG    | win_pos_manager:save_window_data:55 - Window size and position saved to .size_pos_MainWindow.yaml
26-03-31 14:19:27 | DEBUG    | mbs_node_manager:closeEvent:77 - Closing node ToF window...
26-03-31 14:19:27 | DEBUG    | mbs_node_manager:closeEvent:77 - Closing node MUSIC window...
26-03-31 14:19:27 | DEBUG    | mbs_node_manager:closeEvent:77 - Closing node SiFi window...
26-03-31 14:21:26 | DEBUG    | mbs_browser:__init__:30 - Opening MBS Browser instance #1 with URL: http://x86l-132:8899/MBS/localhost/ControlGUI/
26-03-31 14:21:26 | DEBUG    | mbs_browser:__init__:30 - Opening MBS Browser instance #2 with URL: http://x86l-170:8899/MBS/localhost/ControlGUI/
26-03-31 14:21:26 | DEBUG    | mbs_browser:__init__:30 - Opening MBS Browser instance #3 with URL: http://x86l-253:8899/MBS/localhost/ControlGUI/
26-03-31 14:21:26 | DEBUG    | mbs_node_manager:__init__:122 - Added node: ToF with host x86l-132 to main window menu
26-03-31 14:21:26 | DEBUG    | mbs_node_manager:__init__:122 - Added node: MUSIC with host x86l-170 to main window menu
26-03-31 14:21:26 | DEBUG    | mbs_node_manager:__init__:122 - Added node: SiFi with host x86l-253 to main window menu
26-03-31 14:21:26 | DEBUG    | win_pos_manager:read_window_data:34 - Window size and position loaded from .size_pos_MainWindow.yaml
26-03-31 14:21:26 | DEBUG    | win_pos_manager:read_window_data:35 - {'height': 700, 'width': 600, 'x_position': 1912, 'y_position': 43}
26-03-31 14:21:26 | DEBUG    | mbs_node_manager:__init__:132 - Window position: x=1912, y=43, width=600, height=700
26-03-31 14:21:32 | DEBUG    | mbs_node_manager:closeEvent:222 - closeEvent
26-03-31 14:21:32 | DEBUG    | win_pos_manager:save_window_data:55 - Window size and position saved to .size_pos_MainWindow.yaml
26-03-31 14:21:32 | DEBUG    | mbs_node_manager:closeEvent:77 - Closing node ToF window...
26-03-31 14:21:32 | DEBUG    | mbs_node_manager:closeEvent:77 - Closing node MUSIC window...
26-03-31 14:21:32 | DEBUG    | mbs_node_manager:closeEvent:77 - Closing node SiFi window...
26-03-31 14:51:01 | DEBUG    | mbs_browser:__init__:30 - Opening MBS Browser instance #1 with URL: http://x86l-132:8899/MBS/localhost/ControlGUI/
26-03-31 14:51:02 | DEBUG    | mbs_browser:__init__:30 - Opening MBS Browser instance #2 with URL: http://x86l-170:8899/MBS/localhost/ControlGUI/
26-03-31 14:51:02 | DEBUG    | mbs_browser:__init__:30 - Opening MBS Browser instance #3 with URL: http://x86l-253:8899/MBS/localhost/ControlGUI/
26-03-31 14:51:02 | DEBUG    | mbs_node_manager:__init__:122 - Added node: ToF with host x86l-132 to main window menu
26-03-31 14:51:02 | DEBUG    | mbs_node_manager:__init__:122 - Added node: MUSIC with host x86l-170 to main window menu
26-03-31 14:51:02 | DEBUG    | mbs_node_manager:__init__:122 - Added node: SiFi with host x86l-253 to main window menu
26-03-31 14:51:02 | DEBUG    | win_pos_manager:read_window_data:34 - Window size and position loaded from .size_pos_MainWindow.yaml
26-03-31 14:51:02 | DEBUG    | win_pos_manager:read_window_data:35 - {'height': 700, 'width': 600, 'x_position': 1912, 'y_position': 15}
26-03-31 14:51:02 | DEBUG    | mbs_node_manager:__init__:132 - Window position: x=1912, y=15, width=600, height=700
26-03-31 14:51:17 | DEBUG    | mbs_node_manager:closeEvent:222 - closeEvent
26-03-31 14:51:17 | DEBUG    | win_pos_manager:save_window_data:55 - Window size and position saved to .size_pos_MainWindow.yaml
26-03-31 14:51:17 | DEBUG    | mbs_node_manager:closeEvent:77 - Closing node ToF window...
26-03-31 14:51:17 | DEBUG    | mbs_node_manager:closeEvent:77 - Closing node MUSIC window...
26-03-31 14:51:17 | DEBUG    | mbs_node_manager:closeEvent:77 - Closing node SiFi window...
26-03-31 15:00:58 | DEBUG    | mbs_browser:__init__:30 - Opening MBS Browser instance #1 with URL: http://x86l-132:8899/MBS/localhost/ControlGUI/
26-03-31 15:00:58 | DEBUG    | mbs_browser:__init__:30 - Opening MBS Browser instance #2 with URL: http://x86l-170:8899/MBS/localhost/ControlGUI/
26-03-31 15:00:58 | DEBUG    | mbs_browser:__init__:30 - Opening MBS Browser instance #3 with URL: http://x86l-253:8899/MBS/localhost/ControlGUI/
26-03-31 15:00:58 | DEBUG    | mbs_node_manager:__init__:122 - Added node: ToF with host x86l-132 to main window menu
26-03-31 15:00:58 | DEBUG    | mbs_node_manager:__init__:122 - Added node: MUSIC with host x86l-170 to main window menu
26-03-31 15:00:58 | DEBUG    | mbs_node_manager:__init__:122 - Added node: SiFi with host x86l-253 to main window menu
26-03-31 15:00:58 | DEBUG    | win_pos_manager:read_window_data:34 - Window size and position loaded from .size_pos_MainWindow.yaml
26-03-31 15:00:58 | DEBUG    | win_pos_manager:read_window_data:35 - {'height': 700, 'width': 600, 'x_position': 1912, 'y_position': 0}
26-03-31 15:00:58 | DEBUG    | mbs_node_manager:__init__:132 - Window position: x=1912, y=0, width=600, height=700
26-03-31 15:01:04 | DEBUG    | mbs_node_manager:closeEvent:222 - closeEvent
26-03-31 15:01:04 | DEBUG    | win_pos_manager:save_window_data:55 - Window size and position saved to .size_pos_MainWindow.yaml
26-03-31 15:01:04 | DEBUG    | mbs_node_manager:closeEvent:77 - Closing node ToF window...
26-03-31 15:01:04 | DEBUG    | mbs_node_manager:closeEvent:77 - Closing node MUSIC window...
26-03-31 15:01:04 | DEBUG    | mbs_node_manager:closeEvent:77 - Closing node SiFi window...
26-03-31 15:01:31 | DEBUG    | mbs_browser:__init__:30 - Opening MBS Browser instance #1 with URL: http://x86l-132:8899/MBS/localhost/ControlGUI/
26-03-31 15:01:31 | DEBUG    | mbs_browser:__init__:30 - Opening MBS Browser instance #2 with URL: http://x86l-170:8899/MBS/localhost/ControlGUI/
26-03-31 15:01:31 | DEBUG    | mbs_browser:__init__:30 - Opening MBS Browser instance #3 with URL: http://x86l-253:8899/MBS/localhost/ControlGUI/
26-03-31 15:01:31 | DEBUG    | mbs_node_manager:__init__:122 - Added node: ToF with host x86l-132 to main window menu
26-03-31 15:01:31 | DEBUG    | mbs_node_manager:__init__:122 - Added node: MUSIC with host x86l-170 to main window menu
26-03-31 15:01:31 | DEBUG    | mbs_node_manager:__init__:122 - Added node: SiFi with host x86l-253 to main window menu
26-03-31 15:01:31 | DEBUG    | win_pos_manager:read_window_data:34 - Window size and position loaded from .size_pos_MainWindow.yaml
26-03-31 15:01:31 | DEBUG    | win_pos_manager:read_window_data:35 - {'height': 700, 'width': 600, 'x_position': 1912, 'y_position': 0}
26-03-31 15:01:31 | DEBUG    | mbs_node_manager:__init__:132 - Window position: x=1912, y=0, width=600, height=700
26-03-31 15:01:57 | DEBUG    | mbs_node_manager:closeEvent:222 - closeEvent
26-03-31 15:01:57 | DEBUG    | win_pos_manager:save_window_data:55 - Window size and position saved to .size_pos_MainWindow.yaml
26-03-31 15:01:57 | DEBUG    | mbs_node_manager:closeEvent:77 - Closing node ToF window...
26-03-31 15:01:57 | DEBUG    | mbs_node_manager:closeEvent:77 - Closing node MUSIC window...
26-03-31 15:01:57 | DEBUG    | mbs_node_manager:closeEvent:77 - Closing node SiFi window...
26-03-31 15:06:27 | DEBUG    | mbs_browser:__init__:30 - Opening MBS Browser instance #1 with URL: http://x86l-132:8899/MBS/localhost/ControlGUI/
26-03-31 15:06:27 | DEBUG    | mbs_browser:__init__:30 - Opening MBS Browser instance #2 with URL: http://x86l-170:8899/MBS/localhost/ControlGUI/
26-03-31 15:06:27 | DEBUG    | mbs_browser:__init__:30 - Opening MBS Browser instance #3 with URL: http://x86l-253:8899/MBS/localhost/ControlGUI/
26-03-31 15:06:27 | DEBUG    | mbs_node_manager:__init__:122 - Added node: ToF with host x86l-132 to main window menu
26-03-31 15:06:27 | DEBUG    | mbs_node_manager:__init__:122 - Added node: MUSIC with host x86l-170 to main window menu
26-03-31 15:06:27 | DEBUG    | mbs_node_manager:__init__:122 - Added node: SiFi with host x86l-253 to main window menu
26-03-31 15:06:27 | DEBUG    | win_pos_manager:read_window_data:34 - Window size and position loaded from .size_pos_MainWindow.yaml
26-03-31 15:06:27 | DEBUG    | win_pos_manager:read_window_data:35 - {'height': 700, 'width': 600, 'x_position': 1912, 'y_position': 0}
26-03-31 15:06:27 | DEBUG    | mbs_node_manager:__init__:132 - Window position: x=1912, y=0, width=600, height=700
26-03-31 15:06:49 | DEBUG    | mbs_node_manager:show_window:69 - ToF dashboard is already open. Bringing it to front...
26-03-31 15:06:56 | DEBUG    | mbs_node_manager:closeEvent:222 - closeEvent
26-03-31 15:06:56 | DEBUG    | win_pos_manager:save_window_data:55 - Window size and position saved to .size_pos_MainWindow.yaml
26-03-31 15:06:56 | DEBUG    | mbs_node_manager:closeEvent:77 - Closing node ToF window...
26-03-31 15:06:56 | DEBUG    | mbs_node_manager:closeEvent:77 - Closing node MUSIC window...
26-03-31 15:06:56 | DEBUG    | mbs_node_manager:closeEvent:77 - Closing node SiFi window...
